time,x_coords,y_coords,angle,psi,beta,speed
0.0,72.0,0.0,0.0,0.0,0.0,0.0
0.25046816479400746,72.00494467592593,0.0,0.0,0.0,0.0,0.3250922067901235
0.5009363295880149,72.02257154500172,0.0,0.0,0.0,0.0,0.6290474249971125
0.7514044943820224,72.0520560307958,0.0,0.0,0.0,0.0,0.9132399486736448
1.0018726591760299,72.09262716955091,0.0,0.0,0.0,0.0,1.1789547174151254
1.2523408239700373,72.14356412437164,0.0,0.0,0.0,0.0,1.4273931260472268
1.5028089887640448,72.204192926054,0.0,0.0,0.0,0.0,1.6596784565766012
1.7532771535580522,72.2738834258212,0.0,0.0,0.0,0.0,1.876860956964622
2.0037453183520597,72.35204644618766,0.0,0.0,0.0,0.0,2.079922589687175
2.254213483146067,72.43813111706967,0.0,0.0,0.0,0.0,2.2697814715504916
2.5046816479400746,72.53162238509772,0.0,0.0,0.0,0.0,2.4472960248370783
2.755149812734082,72.6320386848696,0.0,0.0,0.0,0.0,2.613268858550605
3.0056179775280896,72.7438744375409,0.0,0.0,0.0,0.0,3.093542604098427
3.256086142322097,72.8744461804286,0.0,0.0,0.0,0.0,3.54258969928555
3.5065543071161045,73.02253572865159,0.0,0.0,0.0,0.0,3.962440452247257
3.757022471910112,73.18700410181089,0.0,0.0,0.0,0.0,4.3549931636484
4.007490636704119,73.36678637423789,0.0,0.0,0.0,0.0,4.722022709603375
4.257958801498127,73.5608868600711,0.0,0.0,0.0,0.0,5.065188566548014
4.508426966292134,73.7683746113918,0.0,0.0,0.0,0.0,5.386042314346821
4.758895131086142,73.98837920906396,0.0,0.0,0.0,0.0,5.686034651559869
5.009363295880149,74.22008682724709,0.0,0.0,0.0,0.0,5.966521954587976
5.259831460674157,74.46273655378837,0.0,0.0,0.0,0.0,6.2287724103524775
5.510299625468164,74.7156169498572,0.0,0.0,0.0,0.0,6.473971750237739
5.760767790262172,74.97806283326686,0.0,0.0,0.0,0.0,6.703228611221645
6.011235955056179,75.2494522709396,0.0,0.0,0.0,0.0,6.917579548433745
6.261704119850187,75.52920376691705,0.0,0.0,0.0,0.0,7.117993721804681
6.512172284644194,75.81677363320166,0.0,0.0,0.0,0.0,7.305377277996982
6.7626404494382015,76.11165353154215,0.0,0.0,0.0,0.0,7.480577447429536
7.013108614232209,76.4133681750479,0.0,0.0,0.0,0.0,7.644386374919924
7.2635767790262165,76.72641785516717,0.0,0.0,0.0,0.0,8.12263690805448
7.514044943820224,77.05812459783226,0.0,0.0,0.0,0.0,8.569792336945982
7.764513108614231,77.40727534991615,0.0,0.0,0.0,0.0,8.98787441680618
8.014981273408239,77.77273592911536,0.0,0.0,0.0,0.0,9.378773451474148
8.265449438202246,78.15344589589206,0.0,0.0,0.0,0.0,9.744256840179647
8.515917602996254,78.5484137588343,0.0,0.0,0.0,0.0,10.085977068609266
8.766385767790261,78.95671249175633,0.0,0.0,0.0,0.0,10.405479180405882
9.016853932584269,79.37747534227013,0.0,0.0,0.0,0.0,10.704207762882886
9.267322097378276,79.80989191287698,0.0,0.0,0.0,0.0,10.983513478538145
9.517790262172284,80.2532044968604,0.0,0.0,0.0,0.0,11.244659171899107
9.768258426966291,80.70670465241363,0.0,0.0,0.0,0.0,11.48882557931038
10.018726591760299,81.16972999951199,0.0,0.0,0.0,0.0,11.717116667479782
10.269194756554306,81.64166122504756,0.0,0.0,0.0,0.0,11.930564624920486
10.519662921348313,82.12191928268544,0.0,0.0,0.0,0.0,12.13013452885734
10.770131086142321,82.6099627747809,0.0,0.0,0.0,0.0,12.31672870869825
11.020599250936328,83.1052855045202,0.0,0.0,0.0,0.0,12.491190825799423
11.271067415730336,83.60741418721746,0.0,0.0,0.0,0.0,12.654309687970658
11.521535580524343,84.12085098634532,0.0,0.0,0.0,0.0,13.131915022757548
11.77200374531835,84.65291967814444,0.0,0.0,0.0,0.0,13.578467203092316
12.022471910112358,85.20240884599382,0.0,0.0,0.0,0.0,13.995985256676692
12.272940074906366,85.76818583769293,0.0,0.0,0.0,0.0,14.386356937178173
12.523408239700373,86.34919164432195,0.0,0.0,0.0,0.0,14.751347259463135
12.77387640449438,86.9444361120704,0.0,0.0,0.0,0.0,15.092606479882367
13.024344569288388,87.55299346538528,0.0,0.0,0.0,0.0,15.411677557690885
13.274812734082396,88.17399812119709,0.0,0.0,0.0,0.0,15.710003131337869
13.525280898876403,88.80664077529835,0.0,0.0,0.0,0.0,15.988932041169088
13.77574906367041,89.45016474317977,0.0,0.0,0.0,0.0,16.249725428033386
14.026217228464418,90.10386253877944,0.0,0.0,0.0,0.0,16.49356243536729
14.276685393258425,90.76707267567645,0.0,0.0,0.0,0.0,16.721545540538937
14.527153558052433,91.43917667626597,0.0,0.0,0.0,0.0,16.93470553955636
14.77762172284644,92.1195962753931,0.0,0.0,0.0,0.0,17.134006207677796
15.028089887640448,92.80779080580197,0.0,0.0,0.0,0.0,17.320348656996362
15.278558052434455,93.50325475357894,0.0,0.0,0.0,0.0,17.494575410701398
15.529026217228463,94.20551547253719,0.0,0.0,0.0,0.0,17.657474212437663
15.77949438202247,94.91907572313414,0.0,0.0,0.0,0.0,18.134873794776066
16.029962546816478,95.65125983978027,0.0,0.0,0.0,0.0,18.581233600365856
16.280430711610485,96.400856927733,0.0,0.0,0.0,0.0,18.99857178711133
16.530898876404493,97.16673482273853,0.0,0.0,0.0,0.0,19.388775295435426
16.7813670411985,97.9478296763119,0.0017797276684092067,0.16657308623048336,0.038291692182831086,0.08328671910206938,19.753608379835857
17.031835205992508,98.74309236957409,-0.007498370864077087,-2.1448207351034,-0.17056832933683713,-1.0727861962202845,20.094720585732734
17.282303370786515,99.55119582246563,-0.03637740138801567,-4.084878903878998,-0.7186338812102104,-2.045038141140132,20.413654207674
17.532771535580522,100.37064691460358,-0.08769510898806261,-5.715107048026213,-1.5621186212807714,-2.86467907973264,20.711851262619973
17.78323970037453,101.19981886275946,-0.1640970959107637,-7.086757326745643,-2.663071638228353,-3.5569827668129625,20.990660009835807
18.033707865168537,102.03694983053238,-0.26801413158981396,-8.242322078259956,-3.9885472297042783,-4.142593056811644,21.251341046870678
18.284176029962545,102.87038650072367,-0.40005771537351587,-9.236079750663754,-5.493460519762169,-4.648236148711391,20.844888595605703
18.534644194756552,103.68309538928695,-0.5583153628926171,-10.090840182636729,-7.1228864421854245,-5.084849518931754,20.464863049208127
18.78511235955056,104.47513261491099,-0.742399245271784,-10.819231995385145,-8.851632985761155,-5.45827166703827,20.10954617151355
19.035580524344567,105.24652283090852,-0.9517220717294101,-11.437109505569312,-10.658549296368674,-5.776092091987558,19.77733144339488
19.286048689138575,105.99727685038418,-1.1855550369189218,-11.958834640859347,-12.525972814887435,-6.045254792758544,19.466716799094662
19.536516853932582,106.7274033567406,-1.4430734656421471,-12.397308042587353,-14.439237354028528,-6.272062086360957,19.17629783482982
19.78698501872659,107.43691602807664,-1.7233923470204613,-12.76403583646368,-16.386238720140785,-6.462191724866594,18.904761458962295
20.037453183520597,108.13498709426256,-2.0293569349983898,-12.972038056512329,-18.37521443041127,-6.570211094428667,19.301064368605928
20.287921348314605,108.83531451751304,-2.367380913228897,-13.126279786768713,-20.430259710847718,-6.650397926391394,19.67160028075888
20.538389513108612,109.53521396832755,-2.7382516894838296,-13.26564336556817,-22.547206893673238,-6.722914005044719,20.018044525436476
20.78885767790262,110.23200004036859,-3.142580603047605,-13.391416317296073,-24.722056058839907,-6.788411189627968,20.341963505307675
21.039325842696627,110.92299366428996,-3.5807989598917,-13.504754718990089,-26.950979581569992,-6.8474763600237765,20.644821777981367
21.289794007490634,111.60553030295195,-4.05315562435898,-13.606704013057062,-29.230324815980016,-6.900641660832603,20.92798867781343
21.540262172284642,112.27696872591699,-4.559716075175275,-13.69821527615928,-31.556615159831228,-6.9483924878168155,21.19274450717423
21.79073033707865,112.9268589119502,-5.094324180889237,-13.89323063534951,-33.90904723505252,-7.050243979387378,20.79010191158929
22.041198501872657,113.54153013719053,-5.645828521057542,-14.08304040268355,-36.25311589580232,-7.149498441068912,20.413638509993635
22.291666666666664,114.12181153719366,-6.2125867420136105,-14.231737227893534,-38.583070366055395,-7.227339365949431,20.06165217199807
22.54213483146067,114.66854258371097,-6.793054820708815,-14.345754693788775,-40.89456867052692,-7.287077295064899,19.732551437078293
22.79260299625468,115.18256240481846,-7.38579016348779,-14.430768931798266,-43.18443940346885,-7.331648560429178,19.42484831899278
23.043071161048687,115.66470059187601,-7.9894508995883315,-14.49175629063892,-45.4504767354232,-7.363638477085591,19.13715157804619
23.293539325842694,116.11576959037244,-8.60279247228515,-14.533051499010934,-47.69126485129418,-7.385306570279507,18.868160430779735
23.5440074906367,116.5424070871789,-9.232648781636946,-14.422849139013547,-49.924110455285664,-7.32749531291444,19.2668430822279
23.79447565543071,116.95310601657962,-9.89141009861267,-14.30467840684493,-52.18091727482904,-7.265550770829244,19.639604009082422
24.044943820224717,117.34523053967844,-10.57818753500592,-14.221582368749818,-54.46429946603389,-7.222021026717889,19.98812860147369
24.295411985018724,117.71624627791567,-11.291950683225918,-14.165347164568335,-56.775951449694304,-7.19257570042338,20.313992668092734
24.54588014981273,118.06372492720453,-12.031530896400882,-14.129570211788982,-59.116834827051456,-7.173848130612336,20.61866956100562
24.79634831460674,118.38534958416437,-12.795624964844567,-14.109246945583768,-61.487330131020606,-7.1632117830127875,20.903536837223506
25.046816479400746,118.67892048388902,-13.58279940485105,-14.10045914872194,-63.88736045710422,-7.158613051414799,21.1698824871478
25.297284644194754,118.93895940193183,-14.382199478968476,-14.223323242906583,-66.29922792118525,-7.222932738517087,20.768726344471276
25.54775280898876,119.15995812554515,-15.177032364895421,-14.35441202735102,-68.69111639359961,-7.291615017981331,20.393652748932777
25.79822097378277,119.34358743706717,-15.966308313191556,-14.452562315325453,-71.05914199061742,-7.343078434097706,20.042965853970742
26.048689138576776,119.4914557145059,-16.749143170230756,-14.523253989825966,-73.40055986322973,-7.380165159442934,19.715080074323822
26.299157303370784,119.60510119259997,-17.524750658141993,-14.571298010291157,-75.71356127993997,-7.405380302940164,19.40851291701301
26.54962546816479,119.68693960732307,-18.29234512083313,-14.050294227315018,-77.97533885839009,-7.132366309755878,19.121878278442104
26.8000936329588,119.75059462870269,-19.050467705821543,-12.029954671065926,-79.93846721384114,-6.082005179208928,18.853880177310298
27.050561797752806,119.80323789289754,-19.808872323957686,-10.052762413582625,-81.5920859209506,-5.06536367076928,19.25349130858124
27.301029962546814,119.84868684256227,-20.58335946617944,-8.34059006284758,-82.98871368352457,-4.192505548556422,19.627120346947628
27.55149812734082,119.88757558554347,-21.372798057819566,-6.922813803525962,-84.16768061227498,-3.4740863133656625,19.976456607593338
27.80196629213483,119.92055728380953,-22.176145704384428,-5.74750116515663,-85.16220811383498,-2.880998197845951,20.303079569062024
28.052434456928836,119.94827539721935,-22.992441995309527,-4.772020466266262,-86.00040275928761,-2.390155238516445,20.608466014664273
28.302902621722843,119.97134526016185,-23.820801361585175,-3.9614509107294427,-86.70607416488048,-1.9830954466705186,20.893996709561595
28.55337078651685,119.99034289769497,-24.660406139453645,-3.287195092868703,-87.29941226366715,-1.6449511722748085,21.160962643716818
28.80383895131086,120.00538747910016,-25.50061640641291,-2.7891557886174656,-87.79748382442226,-1.3954045799459147,20.760386455357335
29.054307116104866,120.01655884779834,-26.325259057504343,-2.3779160387506066,-88.2146708855183,-1.1894702214444592,20.385855106410126
29.304775280898873,120.02467758643091,-27.13532600177011,-2.0206140470415743,-88.5633015784851,-1.01062125514938,20.03567520201118
29.55524344569288,120.0325157394031,-27.93173063269387,-1.5223259468889512,-88.80843967842937,-0.7612973316971408,19.708263449191154
29.805711610486888,120.02521471325475,-28.715344036822117,-4.071197820982988,-89.30094069211262,-2.038171554567907,19.402139498221786
30.056179775280896,119.99375182948428,-29.48640137983992,-6.282735391557468,-90.14778952637974,-3.150839167499538,19.115919249406808
30.306647940074903,119.93647755513082,-30.244769684326716,-8.19211118084163,-91.2922061404784,-4.117096982663837,18.84830859505489
30.55711610486891,119.8509933386062,-30.99991832087841,-9.851654463213757,-92.70605108913178,-4.962505404456699,19.248281981919973
30.807584269662918,119.73311379779824,-31.766475827195134,-11.25694226949519,-94.38610836890294,-5.68331479308837,19.622249722586403
31.058052434456926,119.5801174990062,-32.54167202263747,-12.443038098917697,-96.30259867938322,-6.295748913210459,19.97190266363652
31.308520599250933,119.38952873352257,-33.322532713832985,-13.447220197789724,-98.42931635392182,-6.817487658492662,20.29882171544331
31.55898876404494,119.15915581489551,-34.10589026562079,-14.299591203488736,-100.74312902231976,-7.262885165005765,20.60448500005138
31.809456928838948,118.88712196247606,-34.88840042852277,-15.024608298749055,-103.2235627700199,-7.643696327047646,20.89027453431386
32.059925093632955,118.57188970779322,-35.66656428088131,-15.642269247797355,-105.85245534560124,-7.969622446779573,21.157482478502157
32.31039325842696,118.21622470552904,-36.42767905910259,-16.27704605879584,-108.59099807473655,-8.306092277117889,20.757132565060598
32.56086142322097,117.82750942047093,-37.15479562076643,-16.842967372862596,-111.38372088140457,-8.60741352034087,20.382812778988832
32.81132958801498,117.40787681187281,-37.84750313049953,-17.314360365708026,-114.21349251445898,-8.859412446469339,20.03283068197692
33.061797752808985,116.9595004165351,-38.50550687614673,-17.70428330663795,-117.06631831882203,-9.06857413991622,19.70560387541594
33.31226591760299,116.4845529030943,-39.12862282255088,-18.024405831511544,-119.93088371578497,-9.24079050352773,19.39965284578811
33.562734082397,115.98517558533655,-39.71676837795203,-18.285083640733898,-122.79814964691101,-9.381365378450944,19.113594275238572
33.81320224719101,115.4634569046132,-40.26995111912249,-18.495447895927654,-125.66099707466917,-9.49503281972915,18.846134787083265
34.063670411985015,114.91457586477671,-40.79541669306597,-18.500316326447216,-128.53793315182062,-9.497665812803346,19.246249511554485
34.31413857677902,114.32822474315414,-41.302894290312466,-18.47364246230726,-131.46766408978897,-9.483241127371963,19.620349400276186
34.56460674157303,113.70508224359519,-41.78856263765067,-18.470642581205198,-134.45063259957035,-9.481619057319852,19.970125897320994
34.81507490636704,113.04613767301171,-42.248683576832775,-18.484473947613747,-137.486488099551,-9.4890981801648,20.297160471704277
35.065543071161045,112.35268859008062,-42.67962365739082,-18.509892849029303,-140.5742656184415,-9.502845401908061,20.60293176779097
35.31601123595505,111.62633612712025,-43.07787659329494,-18.542884405868637,-143.71253095851296,-9.520692562242418,20.88882229079408
35.56647940074906,110.86897775938637,-43.44008609230467,-18.580384219378423,-146.899498834392,-9.540984623986558,21.156124657592507
35.81694756554307,110.09176982446128,-43.75886994482179,-18.779329139728993,-150.110073899827,-9.648747878750402,20.755863027550134
36.067415730337075,109.31214140921979,-44.0269621728951,-18.98221625789487,-153.30041229064437,-9.758837733942256,20.381625784828543
36.31788389513108,108.53252184164863,-44.24613374750804,-19.136978099446118,-156.46412865056004,-9.84294536431031,20.031720864326836
36.56835205992509,107.75513663770418,-44.418181066016636,-19.25160071732159,-159.5965695933231,-9.90531272009134,19.70456621637965
36.8188202247191,106.9820151403887,-44.544901828310145,-19.333081713722187,-162.6945113371244,-9.949685939567898,19.39868265372502
37.069288389513105,106.21500221937441,-44.62807595794185,-19.387511490078754,-165.75589967263727,-9.97934545227226,19.112687163551236
37.31975655430711,105.45577236658025,-44.66945111875547,-19.42015407548362,-168.77962766313217,-9.997139752240365,18.845286654383976
37.57022471910112,104.69595145975836,-44.67127776771986,-19.251210969699013,-171.78917149256623,-9.905100547094824,19.245456523121362
37.82069288389513,103.9214306462699,-44.633754957583946,-19.07599262046469,-174.82747919157396,-9.80978824291722,19.619607970715
38.071161048689135,103.135380440864,-44.55465173744474,-18.952052751309033,-177.8989337481796,-9.742458209321939,19.96943267435425
38.32162921348314,102.34113003462225,-44.43201390148797,-18.86732120266253,-181.00648656605654,-9.696469951166575,20.29651232101434
38.57209737827715,101.54215063936567,-44.26417478428185,-18.812380105128273,-184.151945294103,-9.666668641605774,20.60232575884866
38.82256554307116,100.74203708090141,-44.049766018782904,-18.779864280184086,-187.33620739407777,-9.64903799964026,20.88825568360865
39.073033707865164,99.9444876160932,-43.7877275314937,-18.76400724129856,-190.5594505190158,-9.64044183883551,21.155594890323137
39.32350187265917,99.1626751953223,-43.48046742344331,-18.92486390631458,-193.79843124265653,-9.727697695913129,20.755367704922904
39.57397003745318,98.41422186610066,-43.1348101382478,-19.09701952948469,-197.01093413627495,-9.821218327013518,20.381162667306505
39.82443820224719,97.6996458279461,-42.75376643228215,-19.22558123265493,-200.19161375481107,-9.891149696793278,20.031287857984246
40.074906367041194,97.01929861965432,-42.340210284143495,-19.317989253727845,-203.33670541627404,-9.941464405226888,19.704161363434558
40.3253745318352,96.37338885757494,-41.89686969312851,-19.380747663215708,-206.44374214571351,-9.975658968415418,19.398304123687403
40.57584269662921,95.76200488457029,-41.42632344404292,-19.41950268702389,-209.51131198605609,-9.996784613078075,19.112333244946672
40.82631086142322,95.18513557666935,-40.931002416269685,-19.43912026091418,-212.53885114625496,-10.00748108811549,18.84495574701545
41.076779026217224,94.63516037202794,-40.40675130051666,-19.257155918719327,-215.55011664385694,-9.90833697155006,19.24514713083417
41.32724719101123,94.1017337236595,-39.84396519276076,-19.071516426807854,-218.5882390083876,-9.807355287440473,19.61931869463209
41.57771535580524,93.58868106097884,-39.243222430191246,-18.939963896088624,-221.6580533788977,-9.73589487550122,19.96916220655137
41.82818352059925,93.09975150446834,-38.60540961446327,-18.849801036902228,-224.7628760046431,-9.686965068272498,20.296259438606445
42.078651685393254,92.63859866821718,-37.931717898659805,-18.791121042590984,-227.9048085584319,-9.655141048902795,20.602089318460774
42.32911985018726,92.20876015316313,-37.223638142900185,-18.756176156220803,-231.08498487069596,-9.636197012674783,20.888034616206262
42.57958801498127,91.81363622173112,-36.48295435715065,-18.738899600427033,-234.30377189777843,-9.626833301023069,21.15538819637868
42.830056179775276,91.46107906832013,-35.72050444292508,-18.899455034093563,-237.5381613469201,-9.7139066724392,20.755174449896558
43.080524344569284,91.15910798035188,-34.95339111758496,-19.071738094245045,-240.7461590001474,-9.807475768582126,20.380981977420756
43.33099250936329,90.90601908825168,-34.184139373786984,-19.200641938592703,-243.92245577414965,-9.877577711318288,20.031118916273236
43.5814606741573,90.70008328317192,-33.415061129629244,-19.293563871528605,-247.06331365891333,-9.9281611532256,19.704003406050273
43.831928838951306,90.53956953889225,-32.648264985180695,-19.35697131770413,-250.1662844896562,-9.962701930381,19.398156436446044
44.082397003745314,90.42240211491075,-31.88571771942896,-19.196595207902437,-253.2217415105839,-9.875375759483527,19.11219516009956
44.33286516853932,90.3233395997775,-31.131777086005606,-14.533167562684435,-255.7352253627819,-7.385367478695685,18.844826640229872
44.58333333333333,90.22246649036417,-30.37862442049046,-9.99048539926855,-257.52761467109974,-5.033501501922809,19.24502641837056
44.833801498127336,90.11118149492516,-29.611163539919062,-6.012791595660574,-258.6866753258435,-3.0146960195421224,19.619205830704715
45.08426966292134,89.98617007232781,-28.831035538085793,-2.669617702464355,-259.2993527367914,-1.335533700505885,19.96905668086064
45.33473782771535,89.844181373848,-28.03995273673412,0.13313386429560153,-259.44013150082554,0.06656702200046273,20.296160774031648
45.58520599250936,89.68211865206129,-27.23971820261027,2.4803484807718266,-259.1730059357739,1.2407555484511035,20.60199706890285
45.835674157303366,89.49709758106125,-26.43223861819953,4.4457769852563995,-258.5530794195569,2.226239394353113,20.887948364570807
46.08614232209737,89.28648370612244,-25.619529940834934,6.0920896982914305,-257.6278810183484,3.0546784485679876,21.15530755269013
46.33661048689138,89.05090561557157,-24.81314410942002,7.442791850152983,-256.4555290434582,3.737161371386407,20.755099049534937
46.58707865168539,88.79415435670835,-24.029664020090124,8.589938001516062,-255.10219586224832,4.319239482918786,20.380911479473127
46.837546816479396,88.51602886569466,-23.26904072101888,9.570871194719643,-253.60161076904572,4.8190521853069646,20.03105300199228
47.0880149812734,88.21664765810898,-22.531240113156603,10.405952522207746,-251.9822871373522,5.24623744592684,19.70394177741313
47.33848314606741,87.89636743969633,-21.816229685571205,11.113754962899502,-250.26821593186472,5.609641898923301,19.398098814806833
47.58895131086142,87.55571836805525,-21.123969585196924,11.711037156983823,-248.47948663719876,5.917319892519721,19.112141284929518
47.839419475655426,87.1953530258348,-20.454407376056796,12.212791249804512,-246.6328383646035,6.1765501071543,18.84477626793942
48.08988764044943,86.81113426299342,-19.79886747673963,12.555991317232026,-244.72316004495443,6.354281912423982,19.244979321207925
48.34035580524344,86.39489328459878,-19.144600974180594,12.823258847751413,-242.72881443425356,6.492933831435022,19.61916179572619
48.59082397003745,85.94611760439315,-18.494394399231467,13.051165919038645,-240.6574690863912,6.611338652708146,19.969015508967786
48.841292134831455,85.46447409504977,-17.851017090725332,13.246165944318221,-238.51600099271664,6.712775491078613,20.296122279071096
49.09176029962546,84.94981350322111,-17.217212180126257,13.41343934263962,-236.3106049071391,6.799885037057625,20.601961076824633
49.34222846441947,84.40217255423978,-16.5956871565399,13.557186886678494,-234.04688167370483,6.874814877400738,20.88791471264142
49.59269662921348,83.82177399958074,-15.98910419416536,13.680847593358259,-231.72991097484396,6.939327876578083,21.15527608875674
49.843164794007485,83.21595305705182,-15.407136855667012,13.895532956655797,-229.38227360784992,7.051447175683493,20.755069631337456
50.09363295880149,82.59739443228865,-14.862061275144205,14.099894917062848,-227.04009791852226,7.158317792951807,20.380883974000994
50.3441011235955,81.967624126686,-14.352886325892458,14.260481054913605,-224.7096964383941,7.242395100380584,20.031027284883077
50.59456928838951,81.32807476890775,-13.878618089819238,14.384079822075433,-222.39588454906934,7.3071672946384005,19.703917732390284
50.845037453183515,80.68008229001684,-13.438271205040241,14.476682389340155,-220.10223134352054,7.355730503966264,19.398076333153895
51.09550561797752,80.02488653118242,-13.030878312719762,14.54354404683463,-217.8312755847433,7.390813087412307,19.11212026499861
51.34597378277153,79.3636346152484,-12.655497613398689,14.589245890854713,-215.58471075953045,7.414802042688244,18.844756614691654
51.59644194756554,78.68876200259629,-12.306360592208707,14.484883429354753,-213.34510523838398,7.360032782466986,19.244960945783696
51.846910112359545,77.98696560792847,-11.976517099180981,14.370645415219906,-211.08034313166053,7.300124411779603,19.6191446150434
52.09737827715355,77.2594482962477,-11.668489284124673,14.289188738413415,-208.78823656229676,7.257434731908817,19.968999445346213
52.34784644194756,76.50754250091902,-11.384680244456677,14.232921513806607,-206.46742162996097,7.227959627388248,20.29610725988116
52.59831460674157,75.73270623617765,-11.127369723415441,14.195911152738665,-204.1171912058063,7.208577977454237,20.601947034159018
52.848782771535575,74.93651859634988,-10.898709232105716,14.17350876303445,-201.7373587516481,7.19684852749429,20.887901583008038
53.09925093632958,74.1206745886466,-10.700716895100587,14.16206532298143,-199.32814705225655,7.190857627704097,21.15526381279166
53.34971910112359,73.29661381660047,-10.537543479206152,14.281481765320745,-196.90752587674072,7.253396857700927,20.755058153536496
53.6001872659176,72.48167633353057,-10.412656689619725,14.409114462237257,-194.50758367788612,7.320293177247541,20.38087324246876
53.850655430711605,71.67665678812384,-10.324273147038001,14.50399956363403,-192.13214201287067,7.370062048055808,20.031017251098337
54.10112359550561,70.88225079326735,-10.270684581204318,14.571612177205473,-189.7838888587439,7.405545215123987,19.703908350986588
54.35159176029962,70.09906376379158,-10.250264547294504,14.61675661192675,-187.4645812710164,7.429245995632594,19.39806756171444
54.60205992509363,69.327620700301,-10.261472051476899,14.643620086382365,-185.1752187303802,7.443352699155661,19.112112063864483
54.852528089887635,68.56837622263936,-10.302852672729912,14.655826208628737,-182.91619070627917,7.44976329079883,18.844748946782488
55.10299625468164,67.81183987070249,-10.37358214910138,14.516855141302392,-180.6694411551209,7.376807435415706,19.244953776430034
55.35346441947565,67.04304746746017,-10.474940094895752,14.374598267647375,-178.4024589073622,7.302196598931455,19.619137911829938
55.60393258426966,66.26436061008106,-10.608393107485131,14.272514300836947,-176.11190912786188,7.248698837677332,19.968993177965242
55.854400749063664,65.47818477455367,-10.775239958296206,14.20133810120416,-173.7955052960327,7.21141967839271,20.29610139999553
56.10486891385767,64.68696400058236,-10.976610524115364,14.153841558244885,-171.45179902088978,7.186552576103546,20.601941555274017
56.35533707865168,63.89317484811132,-11.213464240708419,14.124368391019171,-169.08000954386745,7.171125581708962,20.887896460351598
56.60580524344569,63.09931962820474,-11.486588499681826,14.108483414399936,-166.67988490942554,7.162812210027877,21.155259023202355
56.856273408239694,62.31726067828314,-11.793322958631881,14.226790277528327,-164.26878542451337,7.224748487300177,20.75505367535882
57.1067415730337,61.563467128889485,-12.127262410285079,14.354420647759861,-161.87822751342586,7.291619536479263,20.380869055455218
57.35720973782771,60.83764115012022,-12.486491002819525,14.449733385869052,-159.5119634809237,7.3415946654060855,20.03101333631789
57.60767790262172,60.139443536656785,-12.869209021288997,14.518129147556058,-157.1726285806763,7.377475944491961,19.703904690739066
57.858146067415724,59.46850457945963,-13.273733613949593,14.564347303263336,-154.86194077855632,7.401731833407648,19.39806413945051
58.10861423220973,58.824434070859674,-13.69849646625009,14.592518530695093,-152.58087166839627,7.416520137046401,19.11210886411082
58.35908239700374,58.20683018072085,-14.142039278710898,14.606217321661243,-150.3297919966787,7.423712237469826,18.844745955071815
58.60955056179775,57.60724680266469,-14.608783258714517,14.46807003413516,-148.09079951502056,7.35121270137995,19.24495097923572
58.860018726591754,57.00371293635694,-15.09573277848035,11.550475673483707,-146.15970532468702,5.834514961884823,19.61913529650484
59.11048689138576,56.395992126209265,-15.600612564895554,9.73166468947608,-144.50710479888585,4.901180244314505,19.968990732684503
59.36095505617977,55.78433302489461,-16.122010600075352,8.204395816494305,-143.09294377249233,4.123334426551531,20.296099113703132
59.611423220973776,55.16890612675411,-16.658582575135693,6.921022009458488,-141.88302800911015,3.4731805496777453,20.601939417632785
59.861891385767784,54.549829718871386,-17.209065269771354,5.841601497209011,-140.84812828734906,2.9284108390553873,20.88789446169647
60.11235955056179,53.92718907430343,-17.77228258117253,4.93280308598422,-139.96323355236834,2.4709803379200763,21.155257154496667
60.3628277153558,53.308512611659424,-18.34065131941644,4.241019205007805,-139.20897710378316,2.1234181122399085,20.755051928153463
60.613295880149806,52.7052844501644,-18.90272916130516,3.6628849497404503,-138.56947652297708,1.8333156501778212,20.38086742185043
60.863764044943814,52.11597830525112,-19.458315770277824,3.1589231668969115,-138.02756051916302,1.580662774333937,20.03101180892754
61.11423220973782,51.539261511054185,-20.00734666996068,2.7205902385268956,-137.5685559357504,1.3610623022857498,19.703903262657256
61.36470037453183,50.97396637535107,-20.549859081670082,2.340141812659416,-137.17993733770098,1.170559077821534,19.398062804220352
61.615168539325836,50.41906576300351,-21.085965369090214,2.010593830176137,-136.8510237651115,1.0056064940881897,19.112107615695244
61.865636704119844,49.87365242087945,-21.615832403175613,1.7256772392400033,-136.57271652645113,0.8630343426623418,18.844744787826276
62.11610486891385,49.329780461892334,-22.14650755331996,1.4516485478283638,-136.33649756027404,0.7259407720290505,19.24494988788267
62.36657303370786,48.77563873172739,-22.689011548952696,1.215049981071244,-136.1348532427496,0.607593302379232,19.61913427610986
62.617041198501866,48.21188366608279,-23.2425611160648,1.0185088105294469,-135.9627403616597,0.5092946392848114,19.96898977863402
62.86750936329587,47.63912314375709,-23.806418503750173,0.8547943073549314,-135.81586403155487,0.4274209370685946,20.29609822168353
63.11797752808988,47.057921951819836,-24.37989080381318,0.718095888496435,-135.6905619748996,0.35906204457323787,20.601938583610906
63.36844569288389,46.468806273882656,-24.962328670597657,0.6037160051920638,-135.58370803287224,0.30186638126189963,20.887893681901392
63.618913857677896,45.87226741363384,-25.553124643582102,0.5078363170423175,-135.49263134933048,0.2539231455805949,21.155256425402648
63.8693820224719,45.275806409103836,-26.144767332676047,0.43538955988310446,-135.4152216911906,0.21769792265693033,20.755051246464003
64.11985018726591,44.69084552959959,-26.725834113573885,0.37504213779201234,-135.34973689253275,0.1875230775706476,20.38086678448336
64.37031835205991,44.116578448929445,-27.296953127733286,0.32250472969922733,-135.29438646215422,0.16125364210120566,20.031011213001083
64.62078651685393,43.55226251963359,-27.85872322211319,0.27686501971992256,-135.24764027918624,0.13843331797194916,19.70390270547701
64.87125468164794,42.9972124906333,-28.41171361437267,0.23730066157349713,-135.20819217594666,0.11865083960590965,19.398062283267098
65.12172284644194,42.450795035108726,-28.95646401376877,0.20307305181370802,-135.1749283875953,0.10153684478370945,19.112107128613555
65.37219101123594,41.91242396231008,-29.493485083948737,0.17352113348755582,-135.1469002492118,0.08676076568412525,18.84474433241388
65.62265917602996,41.37454864597629,-30.030237428815365,0.14490375907051886,-135.12324962726666,0.07245199538748967,19.24494946208048
65.87312734082397,40.82570795372169,-30.578103859778295,0.12027214515070919,-135.1032263591674,0.060136138821467074,19.61913387799267
66.12359550561797,40.26661309125324,-31.13635998427275,0.09994094186210323,-135.08628133126737,0.049970508940834824,19.968989406401786
66.37406367041197,39.69792849102879,-31.704327981520937,0.08311449298921231,-135.07194970198734,0.041557268356876315,20.296097873653252
66.62453183520599,39.12027509191862,-32.281373812662544,0.0691567835710021,-135.05983742717845,0.034578404379662774,20.601938258209017
66.875,38.53423333717381,-32.8669045436303,0.05755622747958106,-135.04961010166332,0.028778120999877428,20.887893377656628
67.125468164794,37.94034592637739,-33.46036579094627,0.0478990248533068,-135.04098367466,0.023949516611165615,21.155256140939404
67.375936329588,37.34611749823515,-34.05425078973636,0.04073430359857332,-135.0337212598809,0.020367154372914174,20.75505098049611
67.62640449438202,36.76325667036345,-34.63741305198209,-0.6535934077364767,-135.0265464742762,-0.32680733554749997,20.38086653580828
67.87687265917603,36.1810391207523,-35.20040941832945,-2.3070614215980267,-135.3025579996767,-1.1539984656177702,20.031010980494475
68.12734082397003,35.59788960933713,-35.74258418713484,-3.7337191910161254,-135.8146819971976,-1.868843637608994,19.703902488087618
68.37780898876403,35.0126738814515,-36.2635228926918,-4.959671637137241,-136.52282867568465,-2.4844899369649243,19.398062080012025
68.62827715355805,34.424605669351706,-36.762996819025226,-6.009234033108556,-137.39296891949735,-3.01290248709109,19.11210693857381
68.87874531835206,33.83317027848053,-37.24092046395082,-6.904660221510711,-138.396311681816,-3.4649097957670443,18.844744154730222
69.12921348314606,33.23017220464634,-37.70327962175531,-7.660846936379651,-139.52323186569922,-3.847619892372886,19.244949295949535
69.37968164794006,32.602501604434345,-38.15866832344394,-8.288637437609626,-140.7790010718685,-4.166115337565522,19.6191337226633
69.63014981273407,31.95043675586845,-38.60477325373585,-8.811427239068104,-142.14812024220444,-4.431918060915059,19.96898926117169
69.88061797752809,31.274351097023988,-39.03934759962036,-9.248273909437147,-143.61718148913647,-4.654453510115987,20.29609773786579
70.13108614232209,30.574719167105787,-39.46021934291812,-9.614371586693476,-145.17454506465512,-4.841265011060594,20.601938131250243
70.38155430711609,29.852119222201683,-39.86529801482862,-9.921923140253153,-146.81007362247942,-4.998434173565629,20.887893258952516
70.6320224719101,29.10723330378265,-40.25258023184359,-10.18079606987687,-148.51491216230087,-5.130897028600797,21.15525602995325
70.88249063670412,28.349689785883132,-40.61572415222176,-10.470059331728665,-150.26684982601267,-5.279099838162971,20.755050876726106
71.13295880149812,27.59480349072659,-40.94724544834586,-10.73060446227541,-152.033498683113,-5.412765023759611,20.380866438785244
71.38342696629212,26.84295431057558,-41.2482890603034,-10.943580150355714,-153.80700818083034,-5.522153156463081,20.031010889779722
71.63389513108613,26.09450786025161,-41.519975970950604,-11.115794720851893,-155.58110919654314,-5.6106910185981915,19.703902403270998
71.88436329588015,25.349808145610055,-41.76339291774554,-11.253300256775738,-157.35086385632627,-5.6814402288632415,19.398062000710052
72.13483146067415,24.609173761511524,-41.9795848875341,-11.361446279757606,-159.11244923424874,-5.737118644027685,19.11210686442793
72.38529962546815,23.872896616909387,-42.16954995278112,-11.444934796522366,-160.86297108334517,-5.780123709535708,18.844744085405186
72.63576779026216,23.131648726873497,-42.33665535006849,-11.408596696155172,-162.61525289536544,-5.761403590217178,19.244949231131905
72.88623595505618,22.37036575118168,-42.48426330227244,-11.357171667809897,-164.39402676382818,-5.734917289060142,19.61913366206001
73.13670411985018,21.590482819623155,-42.61064432793001,-11.323918856162484,-166.19986278937168,-5.717794308291835,19.968989204508727
73.38717228464418,20.793476211733175,-42.71417854354019,-11.304430016755555,-168.0328865508813,-5.707760229603686,20.296097684886966
73.6376404494382,19.98086201243203,-42.79335586249215,-11.29527076986796,-169.8928743528005,-5.703044824088644,20.601938081716018
73.88810861423221,19.154194298385384,-42.846776431368085,-11.29375990766974,-171.77933094987634,-5.702267016567871,20.88789321263893
74.13857677902621,18.315062851494222,-42.87315113802062,-11.29780265496343,-173.69155309059903,-5.704348278422085,21.1552559866509
74.38904494382021,17.474982175515553,-42.87105510738633,-11.402193094054585,-175.61460929635402,-5.758105047218316,20.75505083623921
74.63951310861422,16.651075288263534,-42.84051252156197,-11.51141306990203,-177.52236645634133,-5.814380238929931,20.38086640093074
74.88998127340824,15.843241977329118,-42.78300908363455,-11.5934974133929,-179.41162003517383,-5.8566952322335455,20.031010854386455
75.14044943820224,15.051355810920468,-42.69994346662601,-11.652880803481903,-181.28008172537056,-5.88731924501242,19.703902370178945
75.39091760299624,14.275268966241013,-42.59262580007534,-11.693465797391227,-183.12621742747478,-5.908254511944238,19.398061969769593
75.64138576779025,13.514817323893444,-42.4622783394446,-11.71866404325075,-184.94910866803195,-5.921255006488269,19.112106835499173
75.89185393258427,12.769825476829752,-42.31003777357608,-11.731437539177941,-186.74833456974173,-5.927845889797894,18.844744058357335
76.14232209737827,12.030419120504357,-42.1349639343747,-11.62359708046948,-188.5383529096357,-5.872216418696043,19.244949205842662
76.39279026217227,11.281563975394324,-41.93357901248967,-11.512329546278165,-190.34517203367602,-5.814852586823767,19.619133638415036
76.64325842696628,10.525302357992816,-41.704978848381565,-11.432299191430797,-192.17124651366584,-5.773613883241522,19.968989182401113
76.8937265917603,9.763663983368344,-41.44837399858477,-11.376347145955815,-194.01824466692096,-5.74479272875511,20.296097664216752
77.1441947565543,8.998665075713557,-41.16308848610449,-11.338888606540587,-195.88720647869712,-5.7255023652979125,20.60193806238975
77.3946629213483,8.232306942865131,-40.848558979384535,-11.315552097662662,-197.77867178384858,-5.7134864512301355,20.88789319456922
77.64513108614231,7.466574063983542,-40.504334117336526,-11.30290797264196,-199.6927846622398,-5.706976628368779,21.155255969756052
77.89559925093633,6.712435831922246,-40.13417771493106,-11.39740218579978,-201.6155604559499,-5.755637286995475,20.75505082044284
78.14606741573033,5.9852721885252995,-39.745604985633925,-11.499389764236025,-203.52172645880702,-5.808183691562477,20.380866386161426
78.39653558052433,5.284335394844518,-39.33990898541634,-11.575557841546562,-205.40835341162168,-5.847445698622465,20.031010840577423
78.64700374531834,4.60889344632385,-38.91829055711011,-11.630174640985889,-207.27338446673213,-5.875608533078464,19.703902357267754
78.89747191011236,3.958235026832624,-38.481859792886645,-11.66699296089694,-209.11547939021153,-5.894598311228651,19.398061957697863
79.14794007490636,3.3316737109132397,-38.03163942048313,-11.689290127021467,-210.93388138443632,-5.906100334095405,19.112106824212326
79.39840823970036,2.728551352421143,-37.56856949889955,-11.69990803573085,-212.7283037435851,-5.911578079399246,18.844744047804344
79.64887640449437,2.1403957442255632,-37.08748123956715,-11.589016537970386,-214.51312287763386,-5.854384837671354,19.24494919597581
79.89934456928839,1.5552027071103791,-36.57866953208232,-11.475738484580644,-216.31422278685065,-5.795995487795681,19.61913362918971
80.14981273408239,0.9752005891352449,-36.042211197412115,-11.394961629028431,-218.13428044400231,-5.754380198605632,19.968989173775608
80.40028089887639,0.4025566700077815,-35.47828005052139,-11.339174240065978,-219.9751344834187,-5.725649446357357,20.296097656152064
80.6507490636704,-0.16062301782344882,-34.88714544290255,-11.30252706000585,-221.837954087636,-5.706780522265184,20.601938054849416
80.90121722846442,-0.7122945708102628,-34.26917098926159,-11.28045013813396,-223.72337579789527,-5.695415271996551,20.887893187519147
81.15168539325842,-1.250477622625646,-33.62481322838806,-11.26936488755944,-225.63161473360745,-5.689709048845157,21.155255963164368
81.40215355805242,-1.7669516403940455,-32.96224615409753,-11.365859432419718,-227.54882411333352,-5.7393913966034535,20.755050814279734
81.65262172284643,-2.251165264331467,-32.29494325406494,-11.469826736011566,-229.44986808421882,-5.792949225960741,20.380866380399034
81.90308988764045,-2.7043525877470733,-31.623733068723723,-11.547842245794888,-231.33177686475935,-5.833157437295249,20.03101083518969
82.15355805243445,-3.1276934198834287,-30.949369171934364,-11.604183813690723,-233.1924571887643,-5.862205493995854,19.703902352230326
82.40402621722845,-3.522309477652028,-30.27253349516522,-11.64261337957209,-235.03053611312964,-5.882023641450632,19.398061952987963
82.65449438202246,-3.8892620894373056,-29.593841074987864,-11.666416839852564,-236.8452274668127,-5.8943011366111175,19.112106819808655
82.90496254681648,-4.229551199026534,-28.913845641738963,-11.678444048768345,-238.63621815828927,-5.900505198658093,18.84474404368699
83.15543071161048,-4.548539318550841,-28.224193816722213,-11.568637772878224,-240.41780070276712,-5.8438779889209655,19.24494919212616
83.40589887640448,-4.852787294375507,-27.51091018401365,-11.456481040322473,-242.21576980972833,-5.786072677463713,19.619133625590354
83.6563670411985,-5.140324014814948,-26.775034676840594,-11.376903799737109,-244.03282930964434,-5.745079422181129,19.96898917041027
83.90683520599251,-5.4092754060248405,-26.017667744821942,-11.322343743908204,-245.87083522910785,-5.716983303885035,20.29609765300554
84.15730337078651,-5.657863969096983,-25.23996900319919,-11.286916598873528,-247.73096696473542,-5.698744086430515,20.60193805190747
84.40777153558051,-5.884409036279292,-24.443155738867393,-11.266028600642626,-249.613865857964,-5.687991731922582,20.887893184768483
84.65823970037452,-6.087327475865635,-23.62850112359455,-11.256085431554089,-251.51974777975263,-5.682873770660826,21.155255960592545
84.90870786516854,-6.2627902054376,-22.80694559991897,-11.353678002575116,-253.43478965310038,-5.733118145208195,20.755050811875126
85.15917602996254,-6.407182918953049,-21.995214837284987,-11.45865029408439,-255.33388168480238,-5.787190381708329,20.38086637815077
85.40964419475654,-6.521974848840095,-21.19351367412034,-11.537577083551243,-257.2140294726929,-5.827865955565014,20.031010833087606
85.66011235955055,-6.608553998677061,-20.40200357050168,-11.594745286893724,-259.0731181299252,-5.857338660976135,19.70390235026491
85.91058052434457,-6.668225125249059,-19.620807192206236,-11.633925188816761,-260.90975574076435,-5.877542781722719,19.39806195115034
86.16104868913857,-6.702209707484635,-18.85001362765768,-11.658410317847222,-262.7231394916191,-5.890171309140637,19.11210681809051
86.41151685393257,-6.711647456921647,-18.08968380447035,-11.671057469189897,-264.5129416933441,-5.896694890934843,18.84474404208056
86.66198501872658,-6.697716957604516,-17.329960801795153,-11.56177300677069,-266.2934246566041,-5.840338920369494,19.244949190624176
86.9124531835206,-6.6602225407319615,-16.555406362550222,-11.450118978808101,-268.09035214764856,-5.782794709709885,19.61913362418603
87.1629213483146,-6.597844070729271,-15.767815673965233,-11.371034693980954,-269.9064313992936,-5.742056698201306,19.968989169097256
87.4133895131086,-6.509375053535197,-14.968996050176708,-11.316949334421047,-271.74351980187026,-5.714205844220054,20.296097651777895
87.66385767790261,-6.393721641751917,-14.160765927290015,-11.281973377811896,-273.6027966215096,-5.69619939759715,20.601938050759646
87.91432584269663,-6.249902224818203,-13.34495341415926,-11.261510086175713,-275.4849019893809,-5.685665923565265,20.88789318369529
88.16479400749063,-6.077047294873172,-12.523394382351837,-11.251963746853551,-277.390049802405,-5.680752328597808,21.15525595958913
88.41526217228463,-5.8764842136753845,-11.707603274704693,-11.349921820344996,-279.3044218506215,-5.731183848638731,20.755050810936954
88.66573033707864,-5.652257309347126,-10.914206520287332,-11.45522388929735,-281.2029141614191,-5.785424938402943,20.3808663772736
88.91619850187266,-5.405776939177151,-10.142747258289672,-11.534448035989168,-283.08252399916137,-5.826253052523726,20.031010832267466
89.16666666666666,-5.138361595068182,-9.392765093716932,-11.591884413310103,-284.9411291855405,-5.85586354318491,19.703902349498097
89.41713483146066,-4.851238064797106,-8.663801088845792,-11.631306277314522,-286.77733143035033,-5.87619214135349,19.39806195043338
89.66760299625467,-4.545543660691525,-7.9554024601879165,-11.656009867425462,-288.59032235013393,-5.888933172240321,19.112106817420166
89.91807116104869,-4.222329925449951,-7.267126784838703,-11.668854439050467,-290.37976939010315,-5.895558504698722,18.844744041453797
90.16853932584269,-3.8783567219242596,-6.589590404845047,-11.55973937263851,-292.1599257287442,-5.839290523272973,19.244949190038167
90.41900749063669,-3.5067126408438933,-5.908986923441653,-11.448246115075134,-293.95654588357405,-5.781829762386565,19.619133623638124
90.6694756554307,-3.1069927816467913,-5.22750749492071,-11.369316287979483,-295.7723375602553,-5.74117169722862,19.968989168584976
90.91994382022472,-2.678899774267996,-4.547304623563024,-11.315377360635539,-297.60915812703905,-5.71339648503138,20.296097651298922
91.17041198501872,-2.2222424496654334,-3.8704916940240754,-11.280538876669675,-299.4681864728884,-5.695460952200763,20.60193805031182
91.42088014981272,-1.7369348427442342,-3.1991418462721133,-11.260203695646645,-301.3500621024434,-5.6849934971847675,20.88789318327658
91.67134831460673,-1.2229952419860082,-2.5352863152523217,-11.250776061781263,-303.2549981167122,-5.680141032306723,21.15525595919765
91.92181647940075,-0.6866409309696737,-1.8887070522908487,-11.34884199753356,-305.16917745201505,-5.730627786351459,20.755050810570925
92.17228464419475,-0.13876397956133885,-1.2726007558012986,-11.454240929858251,-307.06749757968765,-5.7849184777897795,20.380866376931365
92.42275280898875,0.4195661179260871,-0.6859411656279654,-11.53355225469004,-308.9469532915818,-5.825791316810922,20.031010831947487
92.67322097378276,0.9873640253867184,-0.12773891247594005,-11.591067101282368,-310.8054202485495,-5.855442126546187,19.703902349198923
92.92368913857678,1.5637262501982598,0.40295406157786295,-11.630559621143412,-312.64149827356636,-5.8758070749180265,19.398061950153657
93.17415730337078,2.1478270953353698,0.9070412491463277,-11.65532687005875,-314.454377336585,-5.888580889490555,19.112106817158633
93.42462546816478,2.7389134952278886,1.3853794092230254,-11.668228843834196,-316.2437234463068,-5.895235807155337,18.84474404120927
93.67509363295879,3.34399459607012,1.8449987903841996,-11.559163354406707,-318.0237871746861,-5.838993571301006,19.24494918980954
93.9255617977528,3.975312366651354,2.2953079037657487,-11.447716911133673,-319.82032041071875,-5.781557104691792,19.61913362342436
94.1760299625468,4.632275364511767,2.7341584476512937,-11.368831741230755,-321.636030936337,-5.740922150915426,19.96898916838511
94.4264981273408,5.3142122500971,3.159483801078757,-11.31493491594299,-323.4727760676214,-5.71316868555411,20.296097651112053
94.67696629213482,6.020373186796443,3.5692988668282113,-11.280135781225301,-325.33173455022364,-5.695253449709284,20.601938050137097
94.92743445692884,6.749931227915895,3.961700649288782,-11.259837134221033,-327.21354568244067,-5.684804821208474,20.887893183113217
95.17790262172284,7.5019838952604,4.334869334399441,-11.25044324681847,-329.11842231709034,-5.6799697345784965,21.155255959044904
95.42837078651684,8.266669566535779,4.682714870520947,-11.348539689367474,-331.03254768332545,-5.7304721112127455,20.755050810428106
95.67883895131085,9.028430483232905,4.998113713980583,-11.45396596831297,-332.930819631264,-5.784776806905533,20.380866376797833
95.92930711610487,9.78675201442441,5.282455813745671,-11.533301887731508,-334.8102322520188,-5.825662264088023,20.031010831822638
96.17977528089887,10.541179153941535,5.537061218018236,-11.590838855308741,-336.6686605943044,-5.855324440300864,19.703902349082192
96.43024344569287,11.291312511233048,5.763177105407674,-11.6303512778282,-338.504703946831,-5.875699628121787,19.398061950044518
96.68071161048688,12.03680325117344,5.9619766219614805,-11.655136443738305,-340.31755181353117,-5.888482669856751,19.112106817056592
96.9311797752809,12.777347502691047,6.134559182102668,-11.668054559808805,-342.10686979674784,-5.895145907320658,18.844744041113863
97.1816479400749,13.52231914129598,6.2841933115259145,-11.559003047598514,-343.8869077407912,-5.8389109292467944,19.244949189720334
97.4321161048689,14.286838184622589,6.414004937764987,-11.447569776675069,-345.6834168021358,-5.781481297865787,19.61913362334096
97.68258426966291,15.06943531004775,6.522318928354829,-11.368697137213081,-347.49910477744265,-5.740852828642087,19.968989168307136
97.93305243445693,15.868604931160712,6.607568501460888,-11.314812099499449,-349.33582896309895,-5.71310545170568,20.296097651039144
98.18352059925093,16.682806388843183,6.668294474098579,-11.280023962014358,-351.1947680607619,-5.695195888319537,20.601938050068927
98.43398876404493,17.510465451202577,6.703145177329979,-11.259735510340981,-353.0765613080485,-5.684752513572488,20.887893183049478
98.68445692883894,18.34997620497561,6.710876739656156,-11.250351028562962,-354.9814214861411,-5.67992227048546,21.155255958985308
98.93492509363296,19.189808176537326,6.690310915606529,-11.348455956162674,-356.89553190210006,-5.730428992413302,20.75505081037239
99.18539325842696,20.01285444968826,6.64182424193401,-11.453889835630102,-358.79379050805557,-5.784737580421883,20.38086637674574
99.43586142322096,20.819258270443495,6.5668919207812735,-11.533232588690803,-360.6731912000567,-5.825626543630372,20.03101083177393
99.68632958801497,21.609186043476615,6.46690024836512,-11.590775700730626,-362.53160885644934,-5.855291877100291,19.70390234903665
99.93679775280899,22.38282242988956,6.343145691916438,-11.630293649761565,-364.3676426172753,-5.875669908201393,19.398061950001935
100.18726591760299,23.14036528687316,6.1968360501591615,-11.65508378914429,-366.18048185681465,-5.888455511260338,19.112106817016773
100.43773408239699,23.882020767908,6.0290931628398345,-11.668006384500666,-367.9697920643793,-5.895121057368686,18.844744041076634
100.688202247191,24.61764966167838,5.838769107855235,-11.558958754818352,-369.7498228829744,-5.838888095254925,19.24494918968552
100.93867041198502,25.36222116448854,5.62208107551818,-11.447529139909365,-371.5463252665639,-5.78146036094361,19.619133623308404
101.18913857677902,26.113682398785738,5.378162657056484,-11.368659974334568,-373.3620070151332,-5.740833689435741,19.968989168276693
101.43960674157302,26.86999511976447,5.106260760520505,-11.314778201611725,-375.19872541903516,-5.713087998887787,20.29609765101068
101.69007490636703,27.62913645917672,4.805734414815014,-11.27999310796779,-377.0576591673,-5.695180005528648,20.601938050042314
101.94054307116104,28.389100238019275,4.476054039172992,-11.259707476458258,-378.9394474804056,-5.684738084034456,20.887893183024598
102.19101123595505,29.1478987921046,4.1168008731735615,-11.250325595051686,-380.84430311944743,-5.679909180038535,21.155255958962048
102.44147940074905,29.89464256120937,3.731944488170058,-11.348432866493331,-382.7584094126005,-5.730417102285037,20.755050810350642
102.69194756554306,30.637645845915355,3.3745081808571276,-4.145186682456637,-383.6086077534765,-2.0753089392924036,20.380866376725407
102.94241573033707,31.37099792707724,3.0307836105591615,-1.7528198892194566,-384.03445261301994,-0.8766150505531755,20.03101083175492
103.19288389513108,32.0966998300253,2.703091273725351,0.3276221173840308,-384.1032609974646,0.16381239771470618,19.703902349018875
103.44335205992508,32.81628179944068,2.3931499566980605,2.127460169395588,-383.87270461997196,1.06409685888818,19.39806194998532
103.69382022471909,33.53088433443681,2.102207814383528,3.6776721598447373,-383.3920282654503,1.840732048864907,19.112106817001237
103.9442883895131,34.24133177524906,1.8311442486616494,5.007760011989511,-382.70314747468194,2.5086709935701594,18.84474404106211
104.1947565543071,34.95758212245785,1.5774316645311557,6.176842193827528,-381.82717476298586,3.09742077513478,19.244949189671942
104.4452247191011,35.69498674121806,1.33746304928715,7.160561516131853,-380.7682515536402,3.594315464116942,19.61913362329571
104.69569288389512,36.45266658283794,1.113588349805161,7.9799738712577275,-379.5492498623178,4.009430578721472,19.968989168264827
104.94616104868913,37.22965272326243,0.9080675759066521,8.664727481751367,-378.18991493605813,4.357276156021564,20.296097650999588
105.19662921348313,38.024880429769546,0.7230556667390359,9.23854991394788,-376.70734364391757,4.649495569897489,20.601938050031947
105.44709737827714,38.83718724649517,0.5605910410503144,9.720549092972135,-375.1163796631461,4.895500878297196,20.887893183014906
105.69756554307115,39.6653141649513,0.42258698947195095,10.126206159555892,-373.42994206460133,5.102950711568391,21.155255958952985
105.94803370786516,40.49812336127592,0.3122661611864923,10.532977731429895,-371.67440716417,5.311362856329384,20.755050810342166
106.19850187265916,41.318840267111504,0.23380283699714455,11.07212248712301,-369.8500449626664,5.588231222489057,20.38086637671748
106.44897003745317,42.12663856305795,0.17541542130787668,9.508601909202685,-368.20652949389546,4.787262669126228,20.03101083174751
106.69943820224718,42.921558489504235,0.12923816353366008,8.144611996415776,-366.82350405569196,4.092982279564653,19.703902349011948
106.9499063670412,43.70421404705504,0.09285205273835632,6.958862133371713,-365.66114813330256,3.4923100749927234,19.39806194997884
107.2003745318352,44.47525667632824,0.0643054423681423,5.931335831025249,-364.6855306740576,2.973634764110639,19.11210681699518
107.4508426966292,45.2353464605668,0.04202596676329956,5.043512230011594,-363.8677672442732,2.526650584786728,18.844744041056448
107.70131086142321,45.98513404976019,0.02474832426681068,4.278466987956867,-363.18329458259876,2.142219804188382,18.594764776086404
107.95177902621722,46.725249684693225,0.011455363266412904,3.6208878763687875,-362.61124613301075,1.812253376153453,18.36103877329654
108.20224719101122,47.456296884221494,0.0013301929859699108,3.0570328186217273,-362.1339146817374,1.5296050239964272,18.14250927091291
108.45271535580522,48.17884916558718,-0.006282641603338394,2.57465118315875,-361.73629024637216,1.2879757799657376,17.938188216165013
108.70318352059924,48.89344871299573,-0.011908574402231985,2.1628834354449658,-361.40566302071505,1.081827124035661,17.747151797933448
108.95365168539325,49.60060627648478,-0.015968398662722913,1.8121498066833415,-361.13128256116835,0.9063015533059994,17.56853626985792
109.20411985018725,50.30080182862563,-0.0187987485256768,1.514035307143664,-360.90406557308825,0.7571498283452294,17.4015340450202
109.45458801498125,50.989541158398666,-0.020593957912206414,1.2813153313298284,-360.7162061065322,0.6407377757359087,16.92029783775463
109.70505617977527,51.65950870419811,-0.021498330430282424,1.0856257536783251,-360.56112376450875,0.5428616009744808,16.47035085861052
109.95552434456928,52.31192391275422,-0.021755856070282298,0.9156779966866376,-360.4335228300676,0.457868234535957,16.049658730744106
110.20599250936328,52.94792749976245,-0.021552339295076824,0.7686006555239592,-360.32891410729354,0.3843176174253642,15.656319349323157
110.45646067415728,53.568586314590384,-0.021028369921094813,0.6417651603085363,-360.2434993687061,0.3208926449920628,15.28855428140693
110.7069288389513,54.17489799599641,-0.02028953773178465,0.5327767125764444,-360.1740712871752,0.2663941147944049,14.944700724992543
110.95739700374531,54.767795389679456,-0.019414453139925937,0.4394639210576387,-360.11792690835426,0.21973519230156877,14.623203990871632
111.20786516853931,55.34815071668164,-0.018461025627276594,0.3598673591002911,-360.0727929549322,0.17993545413349288,14.322610473304959
111.45833333333331,55.916779492696094,-0.017471362147761384,0.29222727660018993,-360.0367614595982,0.14611458853247353,14.041561077732796
111.70880149812733,56.47444420478386,-0.016475575295923518,0.2349707035264938,-360.00823440375706,0.11748584574138154,13.77878507580535
111.95926966292134,57.02185775557039,-0.015494732622045251,0.18669817935546504,-359.9858761973414,0.0933493374690869,13.533094359949521
112.20973782771534,57.55968668676739,-0.014543131404246304,0.14617033293134218,-359.9685729745602,0.0730852853824572,13.303378071494775
112.46020599250934,58.088554194550916,-0.0136300453291843,0.11229452116270221,-359.95539780364214,0.05614731450023179,13.088597578069908
112.71067415730336,58.60904294936592,-0.012761059142947223,0.08411171361854683,-359.94558101771185,0.04205587946794397,12.887781777561635
112.96114232209737,59.121697732398296,-0.011939082990565467,0.06078378493821928,-359.9384849706552,0.03039190102032983,12.700022707402471
113.21161048689137,59.62702790042929,-0.011165118707960567,0.04158134948423684,-359.9335826076873,0.020790677479658872,12.524471439335889
113.46207865168537,60.12550969016732,-0.010438834821077403,0.02587224433052598,-359.9304393165865,0.012936122824690532,12.36033424109742
113.71254681647939,60.612643690698754,-0.009758138620518159,0.016511501935567947,-359.928543244713,0.008255751139189372,11.881776780867165
113.9630149812734,61.08110869707379,-0.009120732211162748,0.009461471145702572,-359.92741379958824,0.004730735605102106,11.434334380801337
114.2134831460674,61.53211854008937,-0.008525701013769949,0.0032788954637111784,-359.9269130977634,0.0016394477331978827,11.015983988185283
114.4639513108614,61.96680812806099,-0.00797150305479498,-0.002124044789307277,-359.9269253156275,-0.0010620223950185232,10.624834086038643
114.71441947565542,62.38623857857866,-0.007456196517377145,-0.00682824842155866,-359.92735339265755,-0.0034141242229018434,10.25911614086692
114.96488764044943,62.79140201652267,-0.006977607809512512,-0.010907867302055915,-359.9281161879004,-0.005453933700445858,9.917176606466922
115.21535580524343,63.18322606005238,-0.006533453820391391,-0.014430526061132242,-359.9291460329466,-0.007215263144988572,9.597469447632303
115.46582397003743,63.562578014869494,-0.006121429143350822,-0.017457586865372503,-359.930386631391,-0.008728793635275968,9.298549149956111
115.71629213483145,63.93026879573551,-0.0057392667271037355,-0.020044456011938203,-359.9317912606394,-0.010022228312622361,9.019064184125103
115.96676029962546,64.28705659298716,-0.00538477856555712,-0.02224092690718915,-359.93332123705073,-0.011120463872507166,8.757750895155429
116.21722846441946,64.63365030063794,-0.005055881561258088,-0.02409155228285619,-359.9349446099149,-0.012045776673853927,8.5134277889407
116.46769662921346,64.97071272157339,-0.00475061252579682,-0.02563603733763208,-359.93663505374803,-0.012818019310346757,8.284990190279803
116.71816479400748,65.2988635643382,-0.004467135353603384,-0.026909644911335538,-359.93837093192656,-0.013454823197641744,8.071405248231407
116.96863295880149,65.61868224506905,-0.0042037426756955975,-0.027943603763176356,-359.94013450783945,-0.013971802712417887,7.871707266212544
117.2191011235955,65.93071050724488,-0.003958853728352818,-0.028765511488912703,-359.9419112825672,-0.014382756650775336,7.68499333572689
117.4695692883895,66.23545487110204,-0.003731009726852434,-0.02939972448478737,-359.9436894406451,-0.014699863209990786,7.510419253981244
117.72003745318351,66.53338892379016,-0.0035188676907210465,-0.029867728538705146,-359.9454593877571,-0.014933865283897686,7.347195706932208
117.97050561797752,66.82001078211239,-0.003319116855592906,-0.025973897247843467,-359.947062814081,-0.012986949291152594,6.869492493715106
118.22097378277152,67.08799693060625,-0.003127619436976205,-0.021308061913117706,-359.948296949723,-0.010654031324939337,6.4228487988531
118.47144194756552,67.33855903425732,-0.0029442007296730877,-0.01731931157725264,-359.94923833567424,-0.00865965598644014,6.005245180873411
118.72191011235954,67.57282997758567,-0.002768817153426954,-0.013938218184494184,-359.9499495201672,-0.006969109195353707,5.614793499240233
118.97237827715355,67.79186898678242,-0.002601476588060846,-0.011098448230094735,-359.9504812664458,-0.005549224167101059,5.249728377372463
119.22284644194755,67.9966664188238,-0.002442186863153424,-0.008736964948184428,-359.95087446282116,-0.004368482499487116,4.908399220722713
119.47331460674155,68.18814823921437,-0.002290924855231909,-0.006794255367481435,-359.9511617711612,-0.0033971276956830825,4.58926275382838
119.72378277153557,68.36718020860216,-0.00214762035098735,-0.0052145670459673565,-359.95136904526106,-0.002607283528382755,4.290876042592021
119.97425093632958,68.53457179719358,-0.002012150188939138,-0.0039461376648024385,-359.9515165465217,-0.001973068834741034,4.0118899702421995
120.22471910112358,68.69107984466451,-0.0018843392649109591,-0.0029413998429838736,-359.95161998096336,-0.0014706999224609438,3.7510431374771596
120.47518726591758,68.83741198211379,-0.0017639658354276571,-0.0021571437699704032,-359.95169137873734,-0.0010785718853674115,3.50715615921168
120.7256554307116,68.97422983152963,-0.0016507692230351533,-0.0015546216369203352,-359.9517398349131,-0.0007773108186032345,3.2791263321405406
120.97612359550561,69.10215199723355,-0.001544458554729874,-0.0010995805833596741,-359.9517721283263,-0.0005497902917304598,3.0659226490087064
121.22659176029961,69.22175686282652,-0.0014447215777648504,-0.0007622148427717887,-359.951793233626,-0.00038110742140275584,2.8665811370458942
121.47705992509361,69.33358520628241,-0.0013512329185988094,-0.0005170327261623456,-359.9518067402712,-0.0002585163630864356,2.6802004994888566
121.72752808988763,69.43814264501215,-0.0012636613983693576,-0.000342639837301036,-359.9518151910456,-0.00017131991865204974,2.505938040485092
121.97799625468164,69.53590192195324,-0.0011816762058591856,-0.00022144576713773796,-359.9518203516147,-0.00011072288356928247,2.3430058549529686
122.22846441947564,69.62730504302087,-0.001104951867477476,-0.00013930708919849736,-359.9518234216895,-6.965354459935162e-05,2.1906672661712
122.47893258426964,69.7127652755845,-0.0010331720520459422,-8.512396922335903e-05,-359.95182519744134,-4.2561984611702996e-05,2.0482334949907033
122.72940074906366,69.79266901700612,-0.000966032313467193,-5.041071235984799e-05,-359.95182619389277,-2.5205356179928874e-05,1.9150605456091085
122.97986891385767,69.86737754168838,-0.0009032419128118752,-2.886162998071135e-05,-359.9518267350819,-1.4430814990356588e-05,1.7905462938273562
123.23033707865167,69.93722863453196,-0.0008445248785300204,-1.593261684839579e-05,-359.951827018842,-7.966308424198048e-06,1.674127764623314
123.48080524344567,70.00253811818743,-0.0007896204643624403,-8.455892417747459e-06,-359.95182716207904,-4.2279462088737514e-06,1.565278586733312
123.73127340823969,70.06360128100746,-0.0007382831536832997,-4.300915230667411e-06,-359.951827231477,-2.1504576153337086e-06,1.4635066127328207
123.9817415730337,70.12069421215539,-0.0006902823406537622,-2.0892338785349594e-06,-359.95182726364254,-1.04461693926748e-06,1.3683516938557703
124.2322097378277,70.17407504990695,-0.0006454017963182088,-9.655864180629466e-07,-359.95182727785345,-4.827932090314733e-07,1.2793835994916551
124.4826779026217,70.22398514878924,-0.0006034390046498055,-4.2283407767883195e-07,-359.95182728381445,-2.1141703883941598e-07,1.1962000719536885
124.73314606741572,70.27065017083407,-0.000564204431822324,-1.746375163576061e-07,-359.95182728617823,-8.731875817880306e-08,1.1184250077229025
124.98361423220973,70.31428110587956,-0.000527520773116819,-6.768877398461948e-08,-359.95182728706015,-3.384438699230974e-08,1.0457067569449225
125.23408239700373,70.35507522553338,-0.0004932222066278688,-2.4485096621776775e-08,-359.95182728736813,-1.2242548310888388e-08,0.9777165334908088
125.48455056179773,70.39321697511075,-0.0004611536714180899,-8.2137902030702e-09,-359.9518272874682,-4.1068951015351e-09,0.9141469283932655
125.73501872659175,70.42887880757992,-0.00043117017965597026,-2.5409393012444774e-09,-359.95182728749825,-1.2704696506222387e-09,0.8547105199369095
125.98548689138576,70.46222196328597,-0.0004031361669417259,-7.2011085311587e-10,-359.95182728750655,-3.60055426557935e-10,0.7991385741183047
126.23595505617976,70.49339719897806,-0.0003769248817947396,-1.8417520624405443e-10,-359.9518272875086,-9.208760312202722e-11,0.7471798296000581
126.48642322097376,70.5225454694365,-0.00035241781349041245,-4.2978046990257654e-11,-359.9518272875091,-2.1489023495128827e-11,0.6985993616653079
126.73689138576778,70.54979856478141,-0.0003295041565541101,-7.66112204620763e-12,-359.95182728750916,-3.830561023103815e-12,0.6531775200361185
126.98735955056179,70.57527970634483,-0.000308080309874782,0.0,-359.95182728750916,0.0,0.6107089357532701
127.23782771535579,70.59910410379977,-0.0002880494083136016,0.0,-359.95182728750916,0.0,0.5710015926271745
127.48829588014979,70.62137947606591,-0.00026932088475092517,0.0,-359.95182728750916,0.0,0.5338759590616058
127.7387640449438,70.64220653834663,-0.00025181006059923097,0.0,-359.95182728750916,0.0,0.49916417632489946
127.98923220973782,70.66167945749979,-0.0002354377629407744,0.0,-359.95182728750916,0.0,0.4667092995984923
128.23970037453182,70.67988627780092,-0.00022012996655752036,0.0,-359.95182728750916,0.0,0.436364588371303
128.49016853932582,70.69690931902397,-0.00020581745923573149,0.0,-359.95182728750916,0.0,0.40799284297156485
128.74063670411982,70.71282554863953,-0.00019243552883215157,0.0,-359.95182728750916,0.0,0.3814657842363243
128.99110486891385,70.72770692981318,-0.0001799236706855674,0.0,-359.95182728750916,0.0,0.35666347351386196
129.24157303370785,70.74162074677768,-0.00016822531405416685,0.0,-359.95182728750916,0.0,0.3334737703766515
129.49204119850185,70.75462990904981,-0.00015728756633739027,0.0,-359.95182728750916,0.0,0.3117918255929778
129.74250936329588,70.76679323586762,-0.00014706097392912581,0.0,-359.95182728750916,0.0,0.29151960706474933
129.99297752808988,70.77816572213402,-0.0001374992986196505,0.0,-359.95182728750916,0.0,0.2725654565880955
130.24344569288388,70.78879878706901,-0.00012855930853556883,0.0,-359.95182728750916,0.0,0.25484367543269915
130.49391385767788,70.79874050669508,-0.00012020058267251032,0.0,-359.95182728750916,0.0,0.23827413686611473
130.74438202247188,70.80803583120662,-0.00011238532813680687,0.0,-359.95182728750916,0.0,0.2227819238711513
130.9948501872659,70.81672678820652,-0.0001050782092698311,0.0,-359.95182728750916,0.0,0.20829699041830693
131.2453183520599,70.82485267272837,-9.824618788240391e-05,0.0,-359.95182728750916,0.0,0.19475384476174123
131.4957865168539,70.83245022490397,-9.185837387691192e-05,0.0,-359.95182728750916,0.0,0.1820912533268501
131.74625468164794,70.83955379607895,-8.5885885581742e-05,0.0,-359.95182728750916,0.0,0.17025196385060906
131.99672284644194,70.84619550412806,-8.030171916677461e-05,0.0,-359.95182728750916,0.0,0.1591824465228997
132.24719101123594,70.85240537867189,-7.508062654818507e-05,0.0,-359.95182728750916,0.0,0.14883265195842366
132.49765917602994,70.85821149685182,-7.019900123384214e-05,0.0,-359.95182728750916,0.0,0.13915578490490557
132.74812734082394,70.86364011027737,-6.563477158873166e-05,0.0,-359.95182728750916,0.0,0.13010809266443607
132.99859550561797,70.86871576371925,-6.136730104114633e-05,0.0,-359.95182728750916,0.0,0.12164866727132899
133.24906367041197,70.87346140608547,-5.737729477710628e-05,0.0,-359.95182728750916,0.0,0.11373926053206622
133.49953183520597,70.87789849418178,-5.364671250136287e-05,0.0,-359.95182728750916,0.0,0.10634411109105699
133.75,70.88204708972592,-5.0158686870546175e-05,0.0,-359.95182728750916,0.0,0.09942978274031185
