x_coords,y_coords
225.0,0.0
225.58911319413048,0.004958270570654122
226.17805947496876,0.019831677457062824
226.7666719765142,0.04461600658062537
227.35478392733566,0.07930423580364021
227.94222869782303,0.12388653691890283
228.5288398473981,0.1783502784343156
229.1144511716724,0.2426800291517921
229.69889674953762,0.31685756253933306
230.2820109901761,0.40086186189518713
230.86362867997767,0.49466912630247606
231.4435850293494,0.5982527773727142
232.02171571940573,0.7115834667762684
232.59785694852448,0.8346290845575908
233.1718454787571,0.9673547682329371
233.74351868207853,1.109722912667948
234.3127145864648,1.2616931807323013
234.8792719217844,1.4232225147283941
235.4430301654909,1.594265148590921
236.0038295881038,1.7747726208537244
236.56151129846464,1.964693788380366
237.11591728875555,2.163974840854536
237.66689047926766,2.372559316026056
238.21427476290634,2.590388115708379
238.75791504942103,2.8173995225228268
239.297657309347,3.053529217384959
239.83334861764632,3.2987102977281033
240.3648371970362,3.5528732964588166
240.89197246099198,3.815946201639008
241.4146050564127,4.087854476889024
241.93258690593746,4.368521082506071
242.44577124989988,4.65786649729181
242.95401268790968,4.955808741083107
243.4571672200489,5.262263397979449
243.95509228767122,5.5771436402604415
244.44764681379337,5.900360252986758
244.93469124306606,6.231821659277312
245.4160875813144,6.571433946255759
245.8916994346358,6.919100891658783
246.36139204804417,7.2747239910987425
246.82503234365024,7.638202485972879
247.28248895836646,8.009433392011246
247.7336322811259,8.388311528455187
248.17833448960513,8.774729547858207
248.61646958644,9.16857796650067
249.0479134349244,9.569745195409801
249.47254379418195,9.978117571976185
249.8902403538004,10.393579392157722
250.3008847679193,10.816012943262056
250.70436068876072,11.24529853729807
251.10055379959408,11.681314544887066
251.4893518471256,12.123937429723966
251.87064467330288,12.573041783578851
252.24432424652596,13.028500361828804
252.610284692256,13.490184119510129
252.96842232301248,13.957962247880623
253.31863566775115,14.431702211481564
253.66082550061367,14.911269785688972
253.99489486904133,15.396529094743432
254.32074912124452,15.887342650247735
254.6382959330204,16.38357139012142
254.94744533391122,16.885074718001224
255.24810973269547,17.391710543076176
255.5402039422051,17.903335320346216
255.82364520346167,18.419804091292676
256.09835320912435,18.94097052494941
256.3642501262435,19.466686959362686
256.6212606183129,19.996804443428182
256.86931186661474,20.53117277909334
257.1083335908517,21.069640563912863
257.33825806905924,21.61205523394555
257.55902015679305,22.158263106980243
257.7705573055867,22.708109426078515
257.97280958067336,23.26143840342196
258.1657196779671,23.818093264451463
258.3492329402989,24.377916292286145
258.5232973729027,24.940748872409223
258.6878636581467,25.506431537608233
258.84288516950704,26.074804013156815
258.9883179847781,26.64570526222534
259.12412089851716,27.218973531507384
259.2502554337191,27.79444639704934
259.3666858527179,28.37196081026985
259.4733791673125,28.95135314415639
259.57030514811294,29.532459239625652
259.65743633310575,30.115114452034682
259.73474803543434,30.69915369782963
259.8022183503935,31.2844115013188
259.8598281616362,31.870722041556874
259.907561146589,32.45791919932687
259.94540378107746,33.04583660420669
259.97334534315746,33.63430768170686
259.9913779161534,34.223165700465884
259.99949639090084,34.812243819490384
260.0,35.40138414207104
260.0,35.99052546273137
260.0,36.5796667833917
260.0,37.16880810405203
260.0,37.757949424712365
260.0,38.34709074537269
260.0,38.93623206603302
260.0,39.52537338669335
260.0,40.114514707353685
260.0,40.70365602801401
260.0,41.29279734867434
260.0,41.88193866933467
260.0,42.471079989995005
260.0,43.060221310655336
260.0,43.64936263131566
260.0,44.23850395197599
260.0,44.827645272636325
260.0,45.416786593296656
260.0,46.00592791395699
260.0,46.59506923461732
260.0,47.18421055527765
260.0,47.77335187593797
260.0,48.3624931965983
260.0,48.95163451725863
260.0,49.540775837918964
260.0,50.129917158579296
260.0,50.71905847923963
260.0,51.30819979989996
260.0,51.89734112056029
260.0,52.48648244122062
260.0,53.07562376188094
260.0,53.66476508254127
260.0,54.253906403201604
260.0,54.843047723861936
260.0,55.43218904452227
260.0,56.0213303651826
260.0,56.61047168584293
260.0,57.19961300650326
260.0,57.788754327163595
260.0,58.37789564782391
260.0,58.967036968484244
260.0,59.556178289144576
260.0,60.14531960980491
260.0,60.73446093046525
260.0,61.32360225112557
260.0,61.9127435717859
260.0,62.50188489244623
260.0,63.091026213106566
260.0,63.68016753376688
260.0,64.26930885442721
260.0,64.85845017508754
260.0,65.44759149574787
260.0,66.03673281640822
260.0,66.62587413706854
260.0,67.21501545772887
260.0,67.8041567783892
260.0,68.39329809904953
260.0,68.98243941970986
260.0,69.5715807403702
260.0,70.16072206103053
260.0,70.74986338169086
260.0,71.33900470235119
260.0,71.92814602301152
260.0,72.51728734367185
260.0,73.10642866433219
260.0,73.69556998499252
260.0,74.28471130565282
260.0,74.87385262631315
260.0,75.46299394697348
260.0,76.05213526763382
260.0,76.64127658829415
260.0,77.23041790895448
260.0,77.81955922961481
260.0,78.40870055027514
260.0,78.99784187093547
260.0,79.5869831915958
260.0,80.17612451225614
260.0,80.76526583291647
260.0,81.3544071535768
260.0,81.94354847423713
260.0,82.53268979489746
260.0,83.1218311155578
260.0,83.71097243621813
260.0,84.30011375687846
260.0,84.88925507753879
259.9954228754932,85.4783673016325
259.97721071807683,86.06721354226246
259.9451283527684,86.65546714371172
259.89919359537146,87.24280144021132
259.8394319541238,87.82889027649571
259.765876615533,88.4134081889215
259.67856842594676,88.99603058620207
259.577555868871,89.576433929658
259.4628950380457,90.15429591288259
259.3346496062957,90.72929564072342
259.1928907901719,91.3011138074801
259.0376973104038,91.86943287421927
258.86915534818496,92.43393724510864
258.68735849731485,92.99431344267195
258.4924077122253,93.55025028186753
258.28441125191887,94.1014390428939
258.06348461985095,94.64757364262636
257.82975049978916,95.18835080458935
257.5833386876853,95.72347022737033
257.3243860195975,96.25263475138155
257.0530362957036,96.77555052387699
256.76944020044647,97.29192716213312
256.4737552188568,97.80147791470262
256.16614554909967,98.30391982065166
255.84678201129248,98.79897386669214
255.51584195264633,99.28636514212194
255.17350914898253,99.76582299148671
254.8199737026792,100.23708116487883
254.4554319371045,100.69987796578985
254.0800862875957,101.15395639643438
253.69414518904358,101.59906430046462
253.2978229601458,102.03495450299653
252.89133968439242,102.46138494786955
252.47492108785042,102.87811883206399
252.0487984138147,103.28492473720112
251.61320829439535,103.68157675805321
251.1683926191124,104.06785462799188
250.71459840057105,104.44354384130553
250.25207763729193,104.8084357723173
249.78108717377276,105.16232779123806
249.30188855785883,105.50502337668959
248.81474789550165,105.83633222483584
248.31993570298647,106.15607035506137
247.81772675671064,106.46406021213842
247.3083999405964,106.76013076482599
246.7922380912224,107.0441176008459
246.26952784076053,107.31586301818335
245.740559457805,107.57521611266114
245.20562668618183,107.82203286173896
244.6650265818287,108.05617620449117
244.1190593478355,108.2775161177187
243.56802816773708,108.48592968815295
243.0122390371512,108.68130118071113
242.45200059385465,108.86352210276576
241.8876239463921,109.03249126439218
241.31942250131317,109.18811483456074
240.74771178913312,109.33030639324257
240.17280928911418,109.4589869793999
239.5950342529648,109.57408513483422
239.0147075275544,109.67553694386807
238.43215137674252,109.76328606883837
237.84768930242103,109.8372837813815
237.2616458648688,109.89748898949293
236.67434650251863,109.94386826034614
236.08611735123662,109.9763958388584
235.49728506321424,109.99505366199288
234.9081764382191,110.0
234.31903511755877,110.0
233.72989379689847,110.0
233.14075247623813,110.0
232.5516111555778,110.0
231.96246983491747,110.0
231.37332851425714,110.0
230.7841871935968,110.0
230.19504587293648,110.0
229.60590455227614,110.0
229.0167632316158,110.0
228.42762191095548,110.0
227.83848059029515,110.0
227.24933926963482,110.0
226.66019794897448,110.0
226.07105662831415,110.0
225.48191530765382,110.0
224.8927739869935,110.0
224.30363266633316,110.0
223.71449134567283,110.0
223.1253500250125,110.0
222.5362087043522,110.0
221.94706738369186,110.0
221.35792606303153,110.0
220.7687847423712,110.0
220.17964342171086,110.0
219.59050210105053,110.0
219.0013607803902,110.0
218.41221945972987,110.0
217.82307813906954,110.0
217.2339368184092,110.0
216.64479549774887,110.0
216.05565417708854,110.0
215.4665128564282,110.0
214.87737153576788,110.0
214.28823021510755,110.0
213.69908889444721,110.0
213.10994757378688,110.0
212.52080625312655,110.0
211.93166493246625,110.0
211.34252361180592,110.0
210.75338229114558,110.0
210.16424097048525,110.0
209.57509964982492,110.0
208.9859583291646,110.0
208.39681700850426,110.0
207.80767568784393,110.0
207.2185343671836,110.0
206.62939304652326,110.0
206.04025172586293,110.0
205.4511104052026,110.0
204.86196908454227,110.0
204.27282776388193,110.0
203.6836864432216,110.0
203.09454512256127,110.0
202.50540380190094,110.0
201.9162624812406,110.0
201.3271211605803,110.0
200.73797983991997,110.0
200.14883851925964,110.0
199.5596971985993,110.0
198.97055587793898,110.0
198.38141455727865,110.0
197.7922732366183,110.0
197.20313191595798,110.0
196.61399059529765,110.0
196.02484927463732,110.0
195.435707953977,110.0
194.84656663331666,110.0
194.25742531265632,110.0
193.668283991996,110.0
193.07914267133566,110.0
192.49000135067533,110.0
191.900860030015,110.0
191.31171870935466,110.0
190.72257738869436,110.0
190.13343606803403,110.0
189.5442947473737,110.0
188.95515342671337,110.0
188.36601210605303,110.0
187.7768707853927,110.0
187.18772946473237,110.0
186.59858814407204,110.0
186.0094468234117,110.0
185.42030550275138,110.0
184.831165970972,109.99910098746813
184.2420696725718,109.99209740421958
183.65309678739095,109.97815324813592
183.06432908453738,109.95727045513176
182.47584830463282,109.92945192443622
181.88773614846457,109.89470151819052
181.30007426564256,109.85302406091168
180.71294424326382,109.80442533882275
180.12642759458535,109.74891209904959
179.54060574770745,109.68649204868396
178.9555600342686,109.61717385371367
178.3713716781541,109.54096713781937
177.7881217842195,109.45788248103851
177.20589132703034,109.36793141829645
176.62476113962032,109.27112643780501
176.044811902269,109.16748097932873
175.46612413130057,109.05700943231896
174.8887781679056,108.93972713391615
174.31285416698688,108.81565036682048
173.7384320860314,108.68479635703136
173.16559167400942,108.54718327145578
172.5944124603028,108.40283021538625
172.02497374366354,108.25175722984832
171.4573545812045,108.09398528881812
170.8916337774237,107.92953629631057
170.32788987326356,107.75843308333842
169.76620113520676,107.58069940474235
169.20664554441035,107.3963599358932
168.6493007858792,107.2054402692661
168.09424423768093,107.00796691088743
167.5415529602031,106.80396727665486
166.9913036854546,106.59346968853112
166.44357280641296,106.37650337061197
165.89843636641814,106.15309844506893
165.35597004861532,105.9232859279673
164.8162491654476,105.68709772496008
164.27934864819997,105.44456662685845
163.74534303659652,105.19572630507926
163.21430646845172,104.94061130697034
162.68631266937763,104.67925705101416
162.16143494254825,104.41169982191057
161.63974615852288,104.13797676553929
161.12131874512886,103.85812588380276
160.60622467740646,103.57218602935026
160.09453546761617,103.28019690018388
159.5863221553106,102.98219903414707
159.0816552974715,102.67823380329665
158.58060495871453,102.36834340815892
158.08324070156146,102.05257087187098
157.589631576783,101.73096003420753
157.09984611381202,101.4035555454945
156.6139523112294,101.07040286041013
156.1320176273236,100.73154823167422
155.65410897072513,100.38703870362689
155.18029269111756,100.03692210569707
154.7106345700257,99.68124704576235
154.2451998116831,99.3200629034004
153.78405303397966,98.95341982303361
153.32725825949018,98.58136870696727
152.87487890658608,98.2039612083226
152.4269777806309,97.82124972386569
151.98361706526057,97.43328738673301
151.5448583137505,97.04012805905472
151.11076244046973,96.64182632447685
150.6813897124241,96.23843748058331
150.25679974088916,95.83001753121863
149.83705147313404,95.41662317871278
149.42220318423776,94.99831181600919
149.01231246899854,94.57514151869634
148.6074362339379,94.14717103694528
148.2076306893999,93.7144597873529
147.81295134174752,93.27706784469298
147.42345298565627,92.8350559335759
147.03918969650715,92.38848542001796
146.66021482287886,91.93741830292169
146.2865809791415,91.48191720546836
145.91834003815177,91.02204536642392
145.55554312405135,90.55786663135909
145.19824060516927,90.08944544378573
145.16558573876918,90.04728267819236
144.86351232367576,89.63594800850359
144.52003798114032,89.15729328702827
144.18222726862925,88.67462477875003
143.85012708575044,88.18800949446204
143.5237835392963,87.69751499290416
143.20324193684226,87.20320937138344
142.88854678045692,86.70516125631983
142.57974176052335,86.20343979371869
142.27686974967355,85.69811463957079
141.9799727968362,85.18925595018177
141.68909212139886,84.67693437243211
141.40426810748534,84.16122103396881
141.12554029834885,83.64218753333056
140.8529473908824,83.11990593000743
140.58652723024602,82.5944487344365
140.32631680461267,82.06588889793497
140.07235224003313,81.5342998025721
139.8246687954203,80.9997552509812
139.58330085765422,80.46232945611334
139.3482819368079,79.92209703093411
139.11964466149504,79.37913297806479
138.89742077434008,78.83351267936933
138.68164112757114,78.28531188548895
138.47233567873678,77.73460670532533
138.26953348654692,77.18147359547403
138.07326270683834,76.62598934960974
137.88355058866586,76.06823108782487
137.70042347051913,75.50827624592232
137.523906776666,74.9462025646652
137.3540250136228,74.38208807898336
137.1908017667519,73.81601110713966
137.03425969698736,73.24805023985688
136.8844205376888,72.67828432940634
136.74130509162404,72.10679247866089
136.60493322808102,71.53365403011234
136.4753238801092,70.95894855485646
136.35118051515647,70.38303462103772
136.22757401966908,69.80700464587859
136.1039675241817,69.23097467071939
135.98036102869432,68.65494469556026
135.85675453320692,68.07891472040107
135.73314803771956,67.50288474524194
135.60954154223217,66.92685477008274
135.4859350467448,66.35082479492361
135.3623285512574,65.77479481976442
135.23872205577004,65.19876484460528
135.11511556028265,64.62273486944609
134.99150906479528,64.04670489428696
134.86790256930792,63.47067491912782
134.74429607382052,62.894644943968636
134.62068957833316,62.3186149688095
134.49708308284576,61.74258499365031
134.37317443346063,61.16662036558151
134.2383330624108,60.593138963927586
134.0866595355036,60.023877815925175
133.91828545345524,59.45933084544007
133.7333569073485,58.89998788604545
133.53203435187578,58.34633425601356
133.31449246611942,57.79885033722595
133.0809200019897,57.25801115836598
132.83151962045324,56.7242859827569
132.56650771569218,56.19813790120146
132.2861142273485,55.68002343017798
131.9905824410147,55.17039211573987
131.68016877714558,54.66968614346392
131.35514256857255,54.17833995478409
131.0157858268154,53.696779870045475
130.6623929973925,53.22542371860376
130.29527070434284,52.764680476292476
129.91473748418156,52.3149499105721
129.52112350951893,51.87662223366836
129.11477030258382,51.450077764001904
128.696030438899,51.035686596201764
128.2652672413665,50.63380827999016
127.82285446502746,50.244791508216096
127.36917597277082,49.86897381430956
126.9046254022715,49.506681279417776
126.42960582444793,49.15822824947861
125.94452939373399,48.82391706247559
125.44981699047047,48.50403778611229
124.94589785572454,48.198867966132546
124.43320921885581,47.90867238550602
123.91219591815046,47.63370283468691
123.38331001485423,47.374197893146246
122.84701040093766,47.13038272236639
122.30376240093496,46.90246887047798
121.7540373682018,46.6906540887086
121.1983122759415,46.49512215980228
120.63706930335594,46.31604273855908
120.07079541727859,46.153571204632655
119.49998194965438,46.007848527714074
118.92512417123132,45.87900114521814
118.34672086183535,45.76714085257919
117.76527387759975,45.67236470625077
117.18128771552617,45.59475493949395
116.59526907575346,45.53437889102691
116.00772642191579,45.49128894659806
115.4191695399698,45.465522493533044
114.83010910455228,45.4571
114.2409677838919,45.4571
113.65184785891138,45.4604886870547
113.06305221886801,45.48000684448344
112.47508687759142,45.51685818992634
111.8884619850682,45.57101074919704
111.30368652824033,45.64241753665638
110.72126788938121,45.73101659597951
110.1417114058635,45.8367310539126
109.5655199317019,45.9594691869721
108.99319340124994,46.09912450102897
108.4252283954307,46.25557582370855
107.86211771087643,46.42868740952629
107.30434993235241,46.6183090576676
106.7524090088344,46.82427624231022
106.20677383360923,47.04641025537536
105.66791782876103,47.2845183615846
105.13630853440559,47.53839396568699
104.6124072030272,47.80781679171231
104.09666839927195,48.09255307409398
103.58947402600161,48.39224868483989
103.08557885873118,48.69750192170696
102.58168369146071,49.002755158574054
102.07778852419028,49.30800839544112
101.57389335691985,49.61326163230819
101.06999818964938,49.91851486917528
100.56610302237895,50.22376810604235
100.06220785510847,50.529021342909445
99.55831268783805,50.83427457977651
99.05441752056757,51.13952781664361
98.55052235329714,51.444781053510674
98.04662718602667,51.75003429037777
97.54273201875624,52.055287527244836
97.03883685148577,52.36054076411193
96.53494168421534,52.665794000979
96.03104651694487,52.97104723784609
95.52715134967444,53.27630047471316
95.02325618240395,53.581553711580256
94.51936101513354,53.88680694844732
94.01546584786306,54.19206018531442
93.51157068059263,54.497313422181485
93.0076755133222,54.80256665904855
92.50378034605173,55.10781989591565
91.9998851787813,55.41307313278271
91.49599001151083,55.71832636964981
90.9920948442404,56.023579606516876
90.48819967696993,56.32883284338397
89.9843045096995,56.63408608025104
89.48040934242903,56.93933931711813
88.9765141751586,57.2445925539852
88.47261900788811,57.549845790852295
87.96872384061768,57.85509902771936
87.46482867334721,58.16035226458646
86.96093350607678,58.465605501453524
86.45703833880631,58.77085873832062
85.95314317153588,59.076111975187686
85.44924800426541,59.38136521205478
84.94535283699499,59.68661844892185
84.44145766972451,59.991871685788944
83.93756250245409,60.29712492265601
83.43432603849,60.603455855610406
82.93565076575706,60.91714532447449
82.44232609145823,61.239183949858734
81.95449178881445,61.56948048885903
81.47228607546504,61.90794135886415
80.99584557430612,62.2544706640707
80.52530527478179,62.6089702226529
80.06079849463733,62.97133959458066
79.60245684214675,63.34147611007682
79.15041017882403,63.719274898706814
78.70478658262988,64.10462891909123
78.26571231168322,64.49742898923398
77.83331176848887,64.8975638174565
77.40770746469046,65.30492003393022
76.98901998635957,65.71938222279711
76.57736795982987,66.14083295487086
76.17286801808721,66.56915282090748
75.77563476772377,67.00422046543783
75.38578075646691,67.4459126211508
75.003416441291,67.89410414381881
74.6286501571217,68.3486680477547
74.2615880861418,68.80947554179033
73.90233422770636,69.2763960657671
73.550990368877,69.74929732752722
73.2076560555823,70.22804534039616
72.87242856441401,70.7125044611447
72.54540287506528,71.20253742842087
72.22667164342052,71.69800540163978
71.91632517530309,72.19876800032156
71.61445140088915,72.70468334386484
71.32113584979436,73.21560809174602
71.03646162684102,73.73139748413146
70.76050938851185,74.25190538289249
70.49335732009791,74.77698431301025
70.23508111354622,75.30648550435996
69.98575394601414,75.8402589338615
69.7454464591361,76.3781533679857
69.51422673900885,76.92001640560294
69.2921602969006,77.46569452116266
69.07931005068983,78.01503310819211
68.8757363070388,78.56787652310031
68.68149674430697,79.12406812927685
68.49664639620892,79.68345034147121
68.32123763622187,80.24586467044168
68.15532016274659,80.81115176785946
67.99894098502651,81.37915147145718
67.85214440982863,81.94970285040705
67.71497202889,82.52264425091771
67.58746270713374,83.097813342035
67.46965257165738,83.67504716163546
67.36157500149699,84.2541821625978
67.26326061817002,84.83505425914103
67.17473727699922,85.41749887331427
67.09603005922054,86.00135098162684
67.02716126487675,86.5864451618039
66.96815040649929,87.17261563965569
66.91901420357976,87.759696336046
66.87976657783287,88.34752091394716
66.85041864925188,88.93592282556838
66.83097873295812,89.52473535954326
66.82145233684494,90.11379168816437
66.82184216001735,90.70292491464997
66.8321480920271,91.2919681204311
66.85236721290403,91.88075441244406
66.88249379398346,92.46911697041658
66.92251929952917,93.05688909413227
66.97243238915193,93.64390425066216
67.03221892102248,94.2299961215479
67.10186195587835,94.81499864992496
67.18134176182326,95.39874608757106
67.27063581991771,95.9810730418678
67.36971883055931,96.56181452266078
67.47856272065079,97.14080598900651
67.59713665155405,97.71788339579147
67.72540702782752,98.29288324021066
67.86333750674481,98.86564260809315
68.01088900859165,99.4359992200599
68.16801972773824,100.00379147750267
68.3346851444841,100.56885850836923
68.50678741008551,101.13230162911455
68.67897662812615,101.69571827349618
68.85116584616681,102.25913491787786
69.02335506420745,102.82255156225949
69.19554428224811,103.38596820664117
69.36773350028875,103.9493848510228
69.53992271832941,104.51280149540449
69.71211193637005,105.0762181397861
69.88430115441071,105.6396347841678
70.05649037245135,106.20305142854943
70.228679590492,106.7664680729311
70.40086880853265,107.32988471731274
70.57305802657329,107.89330136169437
70.74524724461395,108.45671800607604
70.91743646265459,109.02013465045768
71.08962568069525,109.58355129483937
71.26181489873589,110.14696793922099
71.43400411677655,110.71038458360267
71.60619333481719,111.27380122798431
71.77838255285785,111.83721787236598
71.95057177089849,112.40063451674762
72.12276098893915,112.96405116112929
72.29495020697978,113.52746780551092
72.46713942502045,114.09088444989261
72.63932864306108,114.65430109427425
72.81151786110175,115.21771773865592
72.98370707914238,115.78113438303755
73.15589629718303,116.34455102741923
73.32808551522368,116.90796767180086
73.50027473326433,117.47138431618254
73.67246395130498,118.03480096056417
73.84465316934562,118.5982176049458
74.01684238738628,119.16163424932748
74.18903160542692,119.72505089370911
74.36122082346758,120.2884675380908
74.53341004150822,120.85188418247243
74.70559925954888,121.41530082685411
74.87778847758952,121.97871747123574
75.04997769563018,122.54213411561742
75.22216691367082,123.10555075999905
75.39435613171148,123.66896740438074
75.56654534975212,124.23238404876236
75.73873456779278,124.79580069314405
75.91092378583342,125.35921733752568
76.08311300387408,125.92263398190735
76.25530222191472,126.48605062628899
76.42749143995538,127.04946727067068
76.59968065799602,127.6128839150523
76.77186987603666,128.1763005594339
76.94405909407732,128.73971720381562
77.11624831211796,129.30313384819723
77.28843753015862,129.86655049257894
77.46062674819925,130.42996713696056
77.63281596623992,130.99338378134223
77.80500518428056,131.55680042572385
77.97719440232122,132.12021707010555
78.14938362036185,132.68363371448717
78.32157283840252,133.24705035886888
78.49376205644316,133.8104670032505
78.6659512744838,134.37388364763217
78.83814049252445,134.9373002920138
79.01032971056512,135.5007169363955
79.18251892860575,136.0641335807771
79.3547081466464,136.62755022515879
79.52689736468704,137.19096686954043
79.6990865827277,137.7543835139221
79.87127580076834,138.31780015830373
80.04346501880899,138.88121680268537
80.21565423684964,139.44463344706705
80.38784345489029,140.00805009144867
80.56003267293094,140.57146673583037
80.73222189097159,141.134883380212
80.90441110901224,141.69830002459366
81.07660032705289,142.2617166689753
81.24878954509354,142.825133313357
81.42097876313419,143.3885499577386
81.59316798117484,143.9519666021203
81.76535719921549,144.51538324650193
81.93754641725614,145.0787998908836
82.10973563529679,145.64221653526522
82.28192485333744,146.20563317964692
82.45411407137809,146.76904982402854
82.62630328941874,147.33246646841025
82.79849250745939,147.89588311279186
82.97068172550004,148.45929975717354
83.14287094354069,149.02271640155516
83.31506016158133,149.5861330459368
83.48724937962199,150.14954969031848
83.65943859766261,150.7129663347001
83.83162781570329,151.2763829790818
84.00381703374393,151.83979962346342
84.17600625178459,152.4032162678451
84.34819546982521,152.96663291222674
84.52038468786589,153.53004955660842
84.69257390590653,154.09346620099006
84.86476312394717,154.65688284537174
85.03695234198781,155.22029948975336
85.20914156002848,155.78371613413503
85.38133077806911,156.34713277851668
85.55351999610977,156.91054942289836
85.72570921415041,157.47396606727997
85.89789843219108,158.03738271166168
86.07008765023171,158.6007993560433
86.24227686827236,159.16421600042491
86.41446608631301,159.7276326448066
86.58665530435366,160.29104928918824
86.75884452239431,160.8544659335699
86.93103374043496,161.41788257795156
87.10322295847561,161.98129922233323
87.27541217651626,162.54471586671485
87.44760139455691,163.10813251109656
87.61979061259755,163.67154915547817
87.79197983063821,164.23496579985985
87.96416904867885,164.7983824442415
88.13635826671951,165.36179908862317
88.30854748476015,165.9252157330048
88.48073670280081,166.48863237738647
88.65292592084145,167.0520490217681
88.82511513888211,167.6154656661498
88.99730435692275,168.17888231053143
89.16949357496341,168.7422989549131
89.34168279300405,169.30571559929473
89.5138720110447,169.86913224367635
89.68606122908534,170.43254888805802
89.85825044712598,170.9959655324397
90.03043966516665,171.55938217682137
90.2026288832073,172.122798821203
90.37481810124794,172.68621546558467
90.54700731928858,173.24963210996629
90.71919653732925,173.813048754348
90.8913857553699,174.3764653987296
91.06357497341054,174.93988204311128
91.23576419145118,175.50329868749293
91.40795340949184,176.0667153318746
91.58014262753248,176.63013197625622
91.75233184557314,177.1935486206379
91.92452106361378,177.75696526501955
92.09671028165444,178.32038190940122
92.26889949969508,178.88379855378287
92.44108871773574,179.44721519816454
92.61327793577638,180.01063184254616
92.78546715381702,180.57404848692778
92.95765637185768,181.13746513130948
93.12984558989832,181.7008817756911
93.30203480793898,182.2642984200728
93.47422402597962,182.82771506445442
93.64641324402028,183.3911317088361
93.81860246206092,183.95454835321772
93.99079168010158,184.5179649975994
94.16298089814222,185.08138164198104
94.33517011618288,185.64479828636274
94.50735933422352,186.20821493074436
94.67954855226418,186.77163157512604
94.85173777030482,187.33504821950766
95.02392698834548,187.89846486388936
95.19611620638612,188.461881508271
95.36830542442678,189.02529815265268
95.54049464246742,189.5887147970343
95.71268386050806,190.15213144141592
95.88487307854871,190.7155480857976
96.05706229658935,191.2789647301792
96.22925151463002,191.84238137456094
96.40144073267066,192.40579801894256
96.57362995071131,192.96921466332424
96.74581916875195,193.53263130770586
96.91800838679261,194.09604795208753
97.09019760483326,194.65946459646918
97.2623868228739,195.22288124085085
97.43457604091455,195.7862978852325
97.6067652589552,196.34971452961418
97.77895447699585,196.9131311739958
97.9511436950365,197.47654781837747
98.12333291307715,198.03996446275912
98.2955221311178,198.6033811071408
98.46771134915845,199.16679775152244
98.6399005671991,199.7302143959041
98.81208978523975,200.29363104028573
98.98427900328039,200.85704768466735
99.15646822132105,201.42046432904903
99.32865743936169,201.98388097343067
99.50084665740235,202.54729761781235
99.67303587544299,203.110714262194
99.84522509348365,203.67413090657567
100.01741431152429,204.2375475509573
100.18960352956495,204.80096419533896
100.36179274760559,205.3643808397206
100.53398196564625,205.92779748410229
100.70617118368688,206.49121412848393
100.87836040172755,207.0546307728656
101.05054961976819,207.61804741724723
101.22273883780885,208.1814640616289
101.39492805584948,208.74488070601052
101.56711727389015,209.30829735039225
101.73930649193079,209.87171399477387
101.91149570997145,210.43513063915555
102.08368492801208,210.99854728353716
102.25587414605272,211.56196392791878
102.42806336409339,212.12538057230046
102.60025258213403,212.6887972166821
102.77244180017468,213.2522138610638
102.94463101821532,213.81563050544543
103.11682023625599,214.3790471498271
103.28900945429663,214.94246379420872
103.46119867233728,215.5058804385904
103.63338789037792,216.06929708297207
103.80557710841859,216.63271372735375
103.97776632645923,217.19613037173536
104.14995554449987,217.75954701611704
104.32214476254052,218.32296366049866
104.49433398058119,218.88638030488036
104.66652319862183,219.44979694926198
104.83871241666247,220.01321359364368
105.01090163470312,220.5766302380253
105.18309085274376,221.14004688240692
105.35528007078442,221.7034635267886
105.52746928882506,222.26688017117024
105.69965850686572,222.83029681555192
105.87184772490636,223.39371345993356
106.04403694294702,223.95713010431524
106.21622616098765,224.52054674869686
106.38841537902832,225.08396339307853
106.56060459706896,225.64738003746018
106.73279381510962,226.21079668184186
106.90498303315027,226.77421332622353
107.07717225119089,227.33762997060512
107.24936146923156,227.9010466149868
107.42155068727222,228.46446325936847
107.59373990531287,229.02787990375015
107.76592912335349,229.59129654813174
107.93811834139416,230.1547131925134
108.1103075594348,230.7181298368951
108.28249677747544,231.28154648127668
108.45468599551609,231.84496312565835
108.62687521355676,232.40837977004003
108.7990644315974,232.97179641442173
108.97125364963803,233.5352130588033
109.14344286767869,234.09862970318497
109.31563208571936,234.66204634756667
109.48782130376,235.22546299194835
109.66001052180063,235.78887963632994
109.83219973984129,236.3522962807116
110.00438895788194,236.9157129250933
110.1765781759226,237.47912956947496
110.34876739396323,238.04254621385655
110.52095661200389,238.60596285823823
110.69314583004454,239.1693795026199
110.8653350480852,239.7327961470016
111.03752426612583,240.29621279138317
111.20971348416649,240.85962943576487
111.38190270220714,241.42304608014655
111.55409192024777,241.9864627245281
111.72628113828843,242.54987936890979
111.89847035632909,243.11329601329146
112.07065957436974,243.67671265767316
112.24284879241037,244.24012930205475
112.41503801045103,244.80354594643643
112.58722722849168,245.3669625908181
112.75941644653234,245.93037923519978
112.93160566457297,246.49379587958134
113.10379488261363,247.05721252396305
113.27598410065428,247.62062916834472
113.44817331869494,248.1840458127264
113.62036253673557,248.74746245710799
113.79255175477621,249.31087910148966
113.96474097281688,249.87429574587136
114.13693019085754,250.43771239025304
114.30911940889817,251.0011290346346
114.48130862693881,251.56454567901628
114.65349784497948,252.12796232339795
114.8256870630201,252.69137896777954
114.99787628106077,253.25479561216125
115.17006549910141,253.81821225654292
115.34225471714208,254.3816289009246
115.51402456886035,254.94517292456175
115.6785163380364,255.51087778757966
115.83346296206538,256.07927120579524
115.97882053988437,256.65019213616944
116.11454788729708,257.22347881954255
116.24060654864276,257.7989688264658
116.35696080769159,258.3764991032219
116.46357769776439,258.95590601802354
116.56042701107293,259.53702540737504
116.64748130727885,260.11969262258526
116.72471592126819,260.70374257641686
116.79210897013985,261.2890097898609
116.84964135940564,261.8753284390219
116.89729678840038,262.46253240210126
116.93506175490035,263.05045530646373
116.96292555894878,263.6389305757764
116.98088030588764,264.22779147720485
116.98892090859431,264.81687116865317
116.98704508892294,265.40600274603577
116.97525337834998,265.99501929056606
116.95354911782348,266.58375391605006
116.92193845681665,267.1720398161696
116.88043035158539,267.7597103117442
116.8290365626308,268.34659889795586
116.76777165136701,268.93253929152553
116.69665297599553,269.51736547782554
116.61570068658716,270.1009117579167
116.52493771937287,270.6830127954962
116.42438979024517,271.2635036637421
116.31408538747216,271.842219892042
116.19405576362587,272.4189975125927
116.06433492672748,272.99367310685693
115.92495963061177,273.56608385186564
115.77596936451371,274.1360675663495
115.61740634188004,274.7034627566903
115.44931548840864,275.26810866267743
115.27174442932007,275.8298453030552
115.08474347586369,276.38851352085106
114.88836561106305,276.9439550284691
114.68266647470406,277.49601245253825
114.46770434757079,278.04452937850056
114.2435401349326,278.58935039492803
114.01023734928788,279.1303211375556
113.76786209236892,279.6672883330175
113.51648303641353,280.20009984227363
113.25617140470797,280.72860470371535
112.98700095140727,281.25265317593767
112.70904794063829,281.7720967801655
112.42239112489213,282.2867883423219
112.12711172271086,282.79658203472724
111.82329339567609,283.30133341741623
111.51102222470476,283.80089947906265
111.19038668566023,284.2951386774984
110.86147762428423,284.78391097981654
110.5243882304573,285.2670779020475
110.17921401179565,285.7445025483951
109.82605276659072,286.21604965002336
109.4650045561001,286.6815856033827
109.0961716761969,287.1409785080635
108.7196586283866,287.5940982041675
108.33557209019837,288.040816309186
107.94402088496028,288.4810062543747
107.54511595096596,288.9145433206144
107.13897031004298,289.3413046737476
106.72569903553,289.76116939938095
106.30541921967315,290.1740185371443
105.87824994045005,290.57973511439593
105.44431222783169,290.97820417936373
105.00372902949098,291.36931283371507
104.55662517596751,291.75295026454427
104.10312734529992,292.12900777576897
103.64336402713377,292.4973788189274
103.17746548631672,292.8579590233663
102.70556372599026,293.2106462258128
102.2277924501897,293.55534049932
101.74428702596143,293.89194418157945
101.25518444500955,294.2203619025916
100.76062328488162,294.54050061168766
100.26074366970593,294.85226960389275
99.75568723048981,295.155580545626
99.24559706499144,295.4503474997278
98.73061769717559,295.7364869498089
98.21089503626602,296.0139178239125
97.68657633540488,296.28256151748457
97.15781014993138,296.54234191564507
96.6247462952913,296.7931854147536
96.08753580459037,297.0350209432634
95.54633088580161,297.26777998185804
95.00128487864002,297.49139658286515
94.45255221111732,297.7058073889412
93.90028835578752,297.91095165102286
93.34464978569696,298.1067712455387
92.78579393005039,298.2932106908777
92.22387912960713,298.47021716310843
91.65906459181794,298.63774051094606
91.09151034571693,298.79573326996166
90.5213771965801,298.9441506760301
89.94882668036499,299.0829506780134
89.37402101794213,299.2120939496747
88.79712306913332,299.33154390082086
88.218296286568,299.4412666876696
87.63770466937288,299.5412312224382
87.05551271670552,299.6314091821519
86.47188538114703,299.7117750166684
85.88698802196556,299.7823059559172
85.3009863582657,299.84298201635085
84.71404642203485,299.8937860066071
84.12633451110109,299.93470353237973
83.5380171420166,299.96572300049655
82.94926100287799,299.98683562220447
82.36023290609891,299.99803541565944
81.77109839919963,300.0
81.18195707853927,300.0
80.59281575787891,300.0
80.00367443721866,300.0
79.4145331165583,300.0
78.82539179589794,300.0
78.23625047523758,300.0
77.64710915457734,300.0
77.05796783391698,300.0
76.46882651325662,300.0
75.87968519259626,300.0
75.29054387193601,300.0
74.70140255127565,300.0
74.11226123061529,300.0
73.52311990995504,300.0
72.93397858929468,300.0
72.34483726863432,300.0
71.75569594797396,300.0
71.16655462731372,300.0
70.57741330665336,300.0
69.988271985993,300.0
69.39913066533263,300.0
68.80998934467239,300.0
68.22084802401203,300.0
67.63170670335167,300.0
67.04256538269131,300.0
66.45342406203106,300.0
65.8642827413707,300.0
65.27514142071034,300.0
64.68600010004998,300.0
64.09685877938973,300.0
63.507717458729374,300.0
62.918576138069014,300.0
62.32943481740877,300.0
61.74029349674841,300.0
61.15115217608805,300.0
60.56201085542769,300.0
59.97286953476744,300.0
59.38372821410708,300.0
58.79458689344672,300.0
58.20544557278636,300.0
57.61630425212611,300.0
57.02716293146575,300.0
56.43802161080539,300.0
55.84888029014503,300.0
55.259738969484786,300.0
54.670597648824426,300.0
54.081456328164066,300.0
53.49231500750382,300.0
52.90317368684346,300.0
52.3140323661831,300.0
51.72489104552274,300.0
51.13574972486249,300.0
50.54660840420213,300.0
49.95746708354177,300.0
49.36832576288141,300.0
48.779184442221165,300.0
48.190043121560805,300.0
47.600901800900445,300.0
47.011760480240085,300.0
46.42261915957984,300.0
45.83347783891948,300.0
45.24433651825912,300.0
44.65519519759876,300.0
44.06605387693851,300.0
43.47691255627815,300.0
42.88777123561779,300.0
42.298629914957544,300.0
41.709488594297184,300.0
41.120347273636824,300.0
40.531205952976464,300.0
39.94206463231622,300.0
39.35292331165586,300.0
38.7637819909955,300.0
38.17464067033514,300.0
37.58549934967489,300.0
36.99635802901453,300.0
36.40721670835417,300.0
35.81807538769381,300.0
35.22893406703356,300.0
34.63979929218964,299.9981464573496
34.05076832431628,299.98712562108926
33.46200630201334,299.9661918913821
32.87368003907568,299.93535119937644
32.28595622583426,299.89461228315787
31.699001381928444,299.8439866852731
31.112981809125685,299.78348874946005
30.52806354420301,299.71313561658343
29.944412311904486,299.6329472197787
29.36219347798603,299.542946278804
28.781572002362612,299.4431582936031
28.202712392369733,299.3336115370806
27.62577865615429,299.21433704709136
27.050934256205743,299.08536861764645
26.478342063042547,298.94674278933826
25.908164309065633,298.7984988389877
25.34056254259384,298.6406787685156
24.775697582091997,298.47332729304276
24.213729470606502,298.29649182822027
23.654817430419925,298.1102224767955
23.09911981793926,297.9145720144169
22.5467940788284,297.7095958746802
21.997996703399313,297.4953521334234
21.452883182273265,297.27190149227135
20.911607962326336,297.03930726143767
20.374324402929687,296.797635341787
19.841184732498018,296.54695420616304
19.31234000535931,296.2873348799886
18.787940058956252,296.01885092114156
18.268133471393032,295.74157839911413
17.753067519338327,295.45559587345974
17.242888136298074,295.16098437153494
16.737739871267735,294.8578273655421
16.23776584777749,294.54621074887905
15.743107723340668,294.2262228118027
15.253905649318572,293.89795421641446
14.770298231211004,293.5614979709723
14.29242248938543,293.21694940353916
13.82041382025464,292.8644061349733
13.354405957915507,292.5039680512699
12.894530936257677,292.13573727525994
12.440919051554747,291.759818137676
11.993698825547028,291.37631714759215
11.552996969028047,290.9853429622469
11.118938345943342,290.5870063562572
10.691645938012567,290.1814201902327
10.271240809885597,289.7686993787993
9.857842074840978,289.34896085803996
9.451566861037758,288.9223235523637
9.052530278329268,288.48890834081016
8.660845385649562,288.04883802280153
8.276623158980161,287.6022372833497
7.899972459907357,287.14923265772927
7.5310000047782495,286.6899524956259
7.169810334465232,286.2245269247718
6.816505784746177,285.75308781407614
6.471186457309791,285.2757687362629
6.133950191393595,284.7927049300255
5.804892536063512,284.30403326170983
5.484106723141739,283.80989218653616
5.171683640791528,283.31042170937025
4.867711807765591,282.80576334505577
4.572277348326516,282.29606007831944
4.285463967844969,281.781456323259
4.0073529290833285,281.2620978824259
3.7380230291718917,280.73813190551573
3.4775505772830044,280.2097068476762
3.2260093730106014,279.6769724274453
2.9834706854603255,279.14007958433126
2.7500032330571784,278.5991804360475
2.52567316407535,278.05442823541284
2.3105440378965625,277.5059773269305
2.1046768070015816,276.95398310305734
1.9081297997008875,276.3986019601772
1.7209587036083107,275.83999125428875
1.5432165498631605,275.278309256422
1.374953698104811,274.713715107795
1.2162178222044844,274.1463687747251
1.0670538967577627,273.57643100330534
0.9275041843418208,273.0040632738601
0.7976082235413955,272.42942775519333
0.6774028177461773,271.8526872586411
0.5669220247233824,271.2740051919424
0.4661971469681063,270.6935455129406
0.37525672283447875,270.1114726831297
0.2941265184498576,269.5279516210572
0.2228295204145212,268.94314765559807
0.16138592928886908,268.3572264791116
0.10981315387001445,267.77035410049655
0.06812580625937414,267.1826967981554
0.03633569772260614,266.59442107288294
0.014451835343088248,266.0056936006914
0.0024804194700394078,265.4166811855865
0.0,264.82754992496245
0.0,264.2384086043022
0.0,263.64926728364185
0.0,263.0601259629815
0.0,262.47098464232124
0.0,261.8818433216609
0.0,261.2927020010005
0.0,260.70356068034016
0.0,260.1144193596799
0.0,259.52527803901955
0.0,258.9361367183592
0.0,258.34699539769883
0.0,257.7578540770386
0.0,257.1687127563782
0.0,256.57957143571787
0.0,255.9904301150575
0.0,255.40128879439726
0.0,254.8121474737369
0.0,254.22300615307654
0.0,253.63386483241618
0.0,253.04472351175593
0.0,252.45558219109557
0.0,251.8664408704352
0.0,251.27729954977497
0.0,250.6881582291146
0.0,250.09901690845425
0.0,249.50987558779389
0.0,248.92073426713364
0.0,248.33159294647328
0.0,247.74245162581292
0.0,247.15331030515256
0.0,246.5641689844923
0.0,245.97502766383195
0.0,245.3858863431716
0.0,244.79674502251123
0.0,244.20760370185099
0.0,243.61846238119062
0.0,243.02932106053026
0.0,242.4401797398699
0.0,241.85103841920966
0.0,241.2618970985493
0.0,240.67275577788894
0.0,240.0836144572287
0.0,239.49447313656833
0.0,238.90533181590797
0.0,238.3161904952476
0.0,237.72704917458736
0.0,237.137907853927
0.0,236.54876653326664
0.0,235.95962521260628
0.0,235.37048389194604
0.0,234.78134257128568
0.0,234.19220125062532
0.0,233.60305992996496
0.0,233.0139186093047
0.0,232.42477728864435
0.0,231.835635967984
0.0,231.24649464732363
0.0,230.65735332666338
0.0,230.06821200600302
0.0,229.47907068534266
0.0,228.88992936468242
0.0,228.30078804402206
0.0,227.7116467233617
0.0,227.12250540270134
0.0,226.5333640820411
0.0,225.94422276138073
0.0,225.35508144072037
0.0,224.76594012006
0.0,224.17679879939976
0.0,223.5876574787394
0.0,222.99851615807904
0.0,222.40937483741868
0.0,221.82023351675844
0.0,221.23109219609807
0.0,220.64195087543771
0.0,220.05280955477747
0.0,219.4636682341171
0.0,218.87452691345675
0.0,218.2853855927964
0.0,217.69624427213614
0.0,217.10710295147578
0.0,216.51796163081542
0.0,215.92882031015506
0.0,215.33967898949481
0.0,214.75053766883445
0.0,214.1613963481741
0.0,213.57225502751373
0.0,212.9831137068535
0.0,212.39397238619313
0.0,211.80483106553277
0.0,211.2156897448724
0.0,210.62654842421216
0.0,210.0374071035518
0.0,209.44826578289144
0.0,208.8591244622312
0.0,208.26998314157083
0.0,207.68084182091047
0.0,207.0917005002501
0.0,206.50255917958987
0.0,205.9134178589295
0.0,205.32427653826915
0.0,204.73513521760879
0.0,204.14599389694854
0.0,203.55685257628818
0.0,202.96771125562782
0.0,202.37856993496746
0.0,201.7894286143072
0.0,201.20028729364685
0.0,200.6111459729865
0.0,200.02200465232613
0.0,199.43286333166589
0.0,198.84372201100553
0.0,198.25458069034516
0.0,197.66543936968492
0.0,197.07629804902456
0.0,196.4871567283642
0.0,195.89801540770384
0.0,195.3088740870436
0.0,194.71973276638323
0.0,194.13059144572287
0.0,193.5414501250625
0.0,192.95230880440226
0.0,192.3631674837419
0.0,191.77402616308154
0.0,191.18488484242118
0.0,190.59574352176094
0.0,190.00660220110058
0.0,189.41746088044022
0.0,188.82831955977986
0.0,188.2391782391196
0.0,187.65003691845925
0.0,187.0608955977989
0.0,186.47175427713864
0.0,185.88261295647828
0.0,185.29347163581792
0.0,184.70433031515756
0.0,184.11518899449732
0.0,183.52604767383696
0.0,182.9369063531766
0.0,182.34776503251624
0.0,181.758623711856
0.0,181.16948239119563
0.0,180.58034107053527
0.0,179.9911997498749
0.0,179.40205842921466
0.0,178.8129171085543
0.0,178.22377578789394
0.0,177.63463446723358
0.0,177.04549314657334
0.0,176.45635182591298
0.0,175.86721050525261
0.0,175.27806918459237
0.0,174.688927863932
0.0,174.09978654327165
0.0,173.5106452226113
0.0,172.92150390195104
0.0,172.33236258129068
0.0,171.74322126063032
0.0,171.15407993996996
0.0,170.56493861930971
0.0,169.97579729864935
0.0,169.386655977989
0.0,168.79751465732863
0.0,168.2083733366684
0.0,167.61923201600803
0.0,167.03009069534767
0.0,166.4409493746873
0.0,165.85180805402706
0.0,165.2626667333667
0.0,164.67352541270634
0.0,164.0843840920461
0.0,163.49524277138573
0.0,162.90610145072537
0.0,162.316960130065
0.0,161.72781880940477
0.0,161.1386774887444
0.0,160.54953616808405
0.0,159.9603948474237
0.0,159.37125352676344
0.0,158.78211220610308
0.0,158.19297088544272
0.0,157.60382956478236
0.0,157.0146882441221
0.0,156.42554692346175
0.0,155.8364056028014
0.0,155.24726428214115
0.0,154.65812296148079
0.0,154.06898164082043
0.0,153.47984032016006
0.0,152.89069899949982
0.0,152.30155767883946
0.0,151.7124163581791
0.0,151.12327503751874
0.0,150.5341337168585
0.0,149.94499239619813
0.0,149.35585107553777
0.0,148.7667097548774
0.0,148.17756843421716
0.0,147.5884271135568
0.0,146.99928579289644
0.0,146.41014447223608
0.0,145.82100315157584
0.0,145.23186183091548
0.0,144.64272051025512
0.0,144.05357918959487
0.0,143.4644378689345
0.0,142.87529654827415
0.0,142.2861552276138
0.0,141.69701390695354
0.0,141.10787258629318
0.0,140.51873126563282
0.0,139.92958994497246
0.0,139.34044862431222
0.0,138.75130730365186
0.0,138.1621659829915
0.0,137.57302466233114
0.0,136.9838833416709
0.0,136.39474202101053
0.0,135.80560070035017
0.0,135.2164593796898
0.0,134.62731805902956
0.0,134.0381767383692
0.0,133.44903541770884
0.0,132.8598940970486
0.0,132.27075277638824
0.0,131.68161145572788
0.0,131.09247013506752
0.0,130.50332881440727
0.0,129.9141874937469
0.0,129.32504617308655
0.0,128.7359048524262
0.0,128.14676353176594
0.0,127.55762221110558
0.0,126.96848089044522
0.0,126.37933956978486
0.0,125.79019824912461
0.0,125.20105692846425
0.0,124.6119156078039
0.0,124.02277428714353
0.0,123.43363296648329
0.0,122.84449164582293
0.0,122.25535032516257
0.0,121.6662090045023
0.0,121.07706768384196
0.0,120.48792636318161
0.0,119.89878504252124
0.0,119.30964372186098
0.0,118.72050240120063
0.0,118.13136108054029
0.0,117.54221975987991
0.0,116.95307843921967
0.0,116.3639371185593
0.0,115.77479579789893
0.0,115.18565447723859
0.0,114.59651315657834
0.0,114.00737183591798
0.0,113.41823051525762
0.0,112.82908919459726
0.0,112.23994787393701
0.0,111.65080655327665
0.0,111.06166523261629
0.0,110.47252391195605
0.0,109.88338259129569
0.0,109.29424127063533
0.0,108.70509994997497
0.0,108.11595862931472
0.0,107.52681730865436
0.0,106.937675987994
0.0,106.34853466733364
0.0,105.75939334667339
0.0,105.17025202601303
0.0,104.58111070535267
0.0,103.99196938469231
0.0,103.40282806403206
0.0,102.8136867433717
0.0,102.22454542271134
0.0,101.63540410205098
0.0,101.04626278139074
0.0,100.45712146073038
0.0,99.86798014007002
0.0,99.27883881940977
0.0,98.68969749874942
0.0,98.10055617808905
0.0,97.51141485742869
0.0,96.92227353676844
0.0,96.3331322161081
0.0,95.74399089544772
0.0,95.15484957478736
0.0,94.56570825412712
0.0,93.97656693346674
0.0,93.3874256128064
0.0,92.79828429214605
0.0,92.20914297148579
0.0,91.62000165082543
0.0,91.03086033016507
0.0,90.44171900950482
0.0,89.85257768884446
0.0,89.2634363681841
0.0,88.67429504752374
0.0,88.0851537268635
0.0,87.49601240620314
0.0,86.90687108554278
0.0,86.31772976488242
0.0,85.72858844422217
0.0,85.13944712356181
0.0,84.55030580290145
0.0,83.96116448224109
0.0,83.37202316158084
0.0,82.78288184092048
0.0,82.19374052026012
0.0,81.60459919959976
0.0,81.01545787893951
0.0,80.42631655827915
0.0,79.8371752376188
0.0,79.24803391695855
0.0,78.65889259629819
0.0,78.06975127563783
0.0,77.48060995497747
0.0,76.89146863431723
0.0,76.30232731365686
0.0,75.7131859929965
0.0,75.12404467233614
0.0,74.53490335167591
0.0,73.94576203101553
0.0,73.35662071035517
0.0,72.76747938969481
0.0,72.17833806903455
0.0,71.5891967483742
0.0,71.00005542771385
0.0,70.41091410705349
0.0,69.82177278639324
0.0,69.23263146573288
0.0,68.64349014507252
0.0,68.05434882441227
0.0,67.46520750375191
0.0,66.87606618309155
0.0,66.28692486243119
0.0,65.69778354177095
0.0,65.10864222111059
0.0,64.51950090045023
0.0,63.930359579789865
0.0,63.34121825912962
0.0,62.75207693846926
0.0,62.1629356178089
0.0,61.57379429714854
0.0,60.98465297648829
0.0,60.39551165582793
0.0,59.80637033516757
0.0,59.21722901450721
0.0,58.628087693846965
0.0,58.038946373186604
0.0,57.449805052526244
0.0,56.860663731866
0.0,56.27152241120564
0.0,55.68238109054528
0.0,55.09323976988492
0.0,54.50409844922467
0.0,53.91495712856431
0.0,53.32581580790395
0.0,52.73667448724359
0.0,52.147533166583344
0.0,51.55839184592298
0.0,50.96925052526262
0.0,50.38010920460226
0.00043694380084247086,49.79096844935652
0.006370675712020102,49.20186029688221
0.019245195650029245,48.61286295289633
0.03905871620085577,48.02405818993203
0.06580848658509098,47.435527753785905
0.099490793039827,46.84735335216854
0.14010095933426925,46.25961664336125
0.18763334741890958,45.67239922487905
0.24208135820836674,45.085782622141686
0.3034374324974536,44.4998482771559
0.3716930520107127,43.91467753720822
0.44683874058500095,43.33035164357124
0.5288640654851662,42.746951720224416
0.6177576388523747,42.164558762591795
0.7135071192851683,41.58325362629681
0.8160992135528318,41.00311701593705
0.9255196784410415,40.424229473879244
1.0417533227291642,39.84667136907804
1.1647840092993889,39.270522885917536
1.2945946573770257,38.69586401307941
1.431167244902035,38.12277453243718
1.5744828110309328,37.55133400798057
1.7245214587692104,36.9816217747691
1.8812623577338812,36.413716927917264
2.044683747045184,35.847698311614195
2.2147629383478673,35.28364450817707
2.3914763189610255,34.72163382714136
2.574799355156479,34.16174429438856
2.764706595564647,33.60405364131408
2.961171674708204,33.04863929403525
3.1641673166624003,32.495578362642036
3.3736653388420734,31.944947630491267
3.5896366559140134,31.396823543547196
3.8120512838352383,30.851282199767688
4.040878344015596,30.308399338539648
4.2760860676050285,29.768250330163315
4.517641799903799,29.230910165388998
4.765512004896273,28.69645344500553
5.019662269906739,28.164954369483254
5.280057310377245,27.636486728672153
5.546660974765963,27.111123891558062
5.819436249566387,26.588938796076096
6.098345264446181,26.070003938984343
6.383349297504608,25.554391365799287
6.674408780648541,25.04217266079326
6.971483305085769,24.533418937056204
7.274531626935364,24.028200826622477
7.583511672953264,23.526588470665367
7.8983805463737795,23.028651509758692
8.219094532864908,22.53445907420863
8.545609106597624,22.04407977445568
8.877878936427223,21.557581691549792
9.215857892186918,21.07503236769819
9.559499051092288,20.596498796888252
9.908754704255877,20.122047415586273
10.263576363310442,19.651744093514385
10.62391476714096,19.185654124505252
10.989719888723684,18.723842217437266
11.360940942071792,18.266372487250436
11.737526389285705,17.81330844604571
12.11942394770859,17.36471299426698
12.5065805971851,16.920648411968173
12.898942587421878,16.481176350167324
13.296455445450285,16.046357822286808
13.699063983188786,15.616253195683015
14.106712305105347,15.190922183264831
14.519343815977074,14.770423835204099
14.936901228747772,14.35481653073714
15.359326572481294,13.944157970059848
15.786561200410048,13.538505166316718
16.218545798076676,13.137914437686021
16.65522039156923,12.742441399560548
17.096524355847365,12.352140956826588
17.54239642315951,11.967067296240863
17.992774691548256,11.58727387890822
18.447596633444935,11.21281343285898
18.906799104350224,10.843737945728734
19.370318351601078,10.480098657540474
19.838090023221284,10.121946053591124
20.310049176855884,9.769329857442301
20.786130288787554,9.422299024016851
21.26626726303308,9.080901732802623
21.750393440519982,8.745185381163282
22.238441608340732,8.415196577758202
22.730344009084767,8.090981136071186
23.226032350244775,7.77258406805052
23.725437813698242,7.460049577859621
24.228491065261792,7.153421055739948
24.735122264317237,6.852741071986955
25.24526107350736,6.558051371040108
25.758836668501413,6.269392865687216
26.275777747827725,5.986805631384421
26.796012542773077,5.710328900692261
27.3194688273461,5.440001057829072
27.84607392830503,5.175859633341837
28.37575473524683,4.917941298895855
28.908437710758093,4.666281862183105
29.444048900623443,4.420916261951476
29.982513944093686,4.181878563153681
30.523758084209405,3.9492019522180115
31.067706178179282,3.722918732441123
31.61428270781296,3.503060319503021
32.163411790005185,3.289657237105679
32.71501718727124,3.0827391127351547
33.269022318330826,2.8823346735485202
33.825350268740394,2.68847174238541
34.38392380157128,2.5011772339053877
34.94466536813313,2.3204771508511186
35.507497118739735,2.146396580438555
36.07234091351754,1.9789596908738076
36.63911833325372,1.8181897279979466
37.20775069028415,1.664109012059427
37.7781590394168,1.516738934615688
38.35026418889293,1.376099955562907
38.92398671138078,1.2422116002957893
39.49924695500354,1.1150924569965284
40.07596505439698,0.9947601740543419
40.65406094179771,0.8812314576152147
41.23345435815955,0.7745220692624599
41.814064864295624,0.6746468238286099
42.39581185204642,0.5816195873385368
42.978614555470514,0.4954532750844223
43.562392062058336,0.4161598498326171
44.14706332396461,0.3437503201629255
44.73254716926109,0.27823473894012807
45.31876231320551,0.21962220191840487
45.90562736952748,0.16792084647844518
46.493060861726384,0.12313785049780535
47.08098123438417,0.08527943135429439
47.66930686448706,0.054350845062863584
48.25795607275846,0.030356385545829312
48.84684713499797,0.01329938403677744
49.43589829342778,0.0031822086180923748
50.025027763881894,0.0
50.614169084542254,0.0
51.203310405202615,0.0
51.79245172586286,0.0
52.38159304652322,0.0
52.97073436718358,0.0
53.55987568784394,0.0
54.14901700850419,0.0
54.73815832916455,0.0
55.32729964982491,0.0
55.91644097048527,0.0
56.505582291145515,0.0
57.094723611805875,0.0
57.683864932466236,0.0
58.273006253126596,0.0
58.86214757378684,0.0
59.4512888944472,0.0
60.04043021510756,0.0
60.62957153576781,0.0
61.21871285642817,0.0
61.80785417708853,0.0
62.39699549774889,0.0
62.986136818409136,0.0
63.575278139069496,0.0
64.16441945972986,0.0
64.75356078039022,0.0
65.34270210105046,0.0
65.93184342171082,0.0
66.52098474237118,0.0
67.11012606303154,0.0
67.69926738369179,0.0
68.28840870435215,0.0
68.87755002501251,0.0
69.46669134567287,0.0
70.05583266633312,0.0
70.64497398699348,0.0
71.23411530765384,0.0
71.82325662831408,0.0
72.41239794897456,0.0
73.0015392696348,0.0
73.59068059029505,0.0
74.17982191095552,0.0
74.76896323161577,0.0
75.35810455227602,0.0
75.94724587293649,0.0
76.53638719359674,0.0
77.12552851425721,0.0
77.71466983491746,0.0
78.3038111555777,0.0
78.89295247623818,0.0
79.48209379689843,0.0
80.07123511755867,0.0
80.66037643821915,0.0
81.24951775887939,0.0
81.83865907953964,0.0
82.42780040020011,0.0
83.01694172086036,0.0
83.60608304152083,0.0
84.19522436218108,0.0
84.78436568284133,0.0
85.3735070035018,0.0
85.96264832416205,0.0
86.55178964482229,0.0
87.14093096548277,0.0
87.73007228614301,0.0
88.31921360680349,0.0
88.90835492746373,0.0
89.49749624812398,0.0
90.08663756878445,0.0
90.6757788894447,0.0
91.26492021010495,0.0
91.85406153076542,0.0
92.44320285142567,0.0
93.03234417208591,0.0
93.62148549274639,0.0
94.21062681340663,0.0
94.79976813406711,0.0
95.38890945472735,0.0
95.9780507753876,0.0
96.56719209604807,0.0
97.15633341670832,0.0
97.74547473736857,0.0
98.33461605802904,0.0
98.92375737868929,0.0
99.51289869934976,0.0
100.10204002001001,0.0
100.69118134067025,0.0
101.28032266133073,0.0
101.86946398199098,0.0
102.45860530265122,0.0
103.0477466233117,0.0
103.63688794397194,0.0
104.22602926463219,0.0
104.81517058529266,0.0
105.40431190595291,0.0
105.99345322661338,0.0
106.58259454727363,0.0
107.17173586793388,0.0
107.76087718859435,0.0
108.3500185092546,0.0
108.93915982991484,0.0
109.52830115057532,0.0
110.11744247123556,0.0
110.70658379189604,0.0
111.29572511255628,0.0
111.88486643321653,0.0
112.474007753877,0.0
113.06314907453725,0.0
113.6522903951975,0.0
114.24143171585797,0.0
114.83057303651822,0.0
115.41971435717846,0.0
116.00885567783894,0.0
116.59799699849918,0.0
117.18713831915966,0.0
117.7762796398199,0.0
118.36542096048015,0.0
118.95456228114062,0.0
119.54370360180087,0.0
120.13284492246112,0.0
120.72198624312159,0.0
121.31112756378184,0.0
121.90026888444231,0.0
122.48941020510256,0.0
123.0785515257628,0.0
123.66769284642328,0.0
124.25683416708353,0.0
124.84597548774377,0.0
125.43511680840425,0.0
126.02425812906449,0.0
126.61339944972474,0.0
127.20254077038521,0.0
127.79168209104546,0.0
128.38082341170593,0.0
128.96996473236618,0.0
129.55910605302643,0.0
130.1482473736869,0.0
130.73738869434715,0.0
131.3265300150074,0.0
131.91567133566787,0.0
132.5048126563281,0.0
133.0939539769886,0.0
133.68309529764883,0.0
134.27223661830908,0.0
134.86137793896955,0.0
135.4505192596298,0.0
136.03966058029005,0.0
136.62880190095052,0.0
137.21794322161077,0.0
137.807084542271,0.0
138.3962258629315,0.0
138.98536718359173,0.0
139.5745085042522,0.0
140.16364982491245,0.0
140.7527911455727,0.0
141.34193246623317,0.0
141.93107378689342,0.0
142.52021510755367,0.0
143.10935642821414,0.0
143.6984977488744,0.0
144.28763906953486,0.0
144.8767803901951,0.0
145.46592171085535,0.0
146.05506303151583,0.0
146.64420435217608,0.0
147.23334567283632,0.0
147.8224869934968,0.0
148.41162831415704,0.0
149.0007696348173,0.0
149.58991095547776,0.0
150.179052276138,0.0
150.76819359679848,0.0
151.35733491745873,0.0
151.94647623811898,0.0
152.53561755877945,0.0
153.1247588794397,0.0
153.71390020009994,0.0
154.30304152076042,0.0
154.89218284142066,0.0
155.48132416208114,0.0
156.07046548274138,0.0
156.65960680340163,0.0
157.2487481240621,0.0
157.83788944472235,0.0
158.4270307653826,0.0
159.01617208604307,0.0
159.60531340670332,0.0
160.19445472736356,0.0
160.78359604802404,0.0
161.37273736868428,0.0
161.96187868934476,0.0
162.551020010005,0.0
163.14016133066525,0.0
163.72930265132572,0.0
164.31844397198597,0.0
164.90758529264622,0.0
165.4967266133067,0.0
166.08586793396694,0.0
166.6750092546274,0.0
167.26415057528766,0.0
167.8532918959479,0.0
168.44243321660838,0.0
169.03157453726863,0.0
169.62071585792887,0.0
170.20985717858935,0.0
170.7989984992496,0.0
171.38813981990984,0.0
171.9772811405703,0.0
172.56642246123056,0.0
173.15556378189103,0.0
173.74470510255128,0.0
174.33384642321153,0.0
174.922987743872,0.0
175.51212906453225,0.0
176.1012703851925,0.0
176.69041170585297,0.0
177.2795530265132,0.0
177.8686943471737,0.0
178.45783566783393,0.0
179.04697698849418,0.0
179.63611830915465,0.0
180.2252596298149,0.0
180.81440095047515,0.0
181.40354227113562,0.0
181.99268359179587,0.0
182.5818249124561,0.0
183.1709662331166,0.0
183.76010755377683,0.0
184.3492488744373,0.0
184.93839019509755,0.0
185.5275315157578,0.0
186.11667283641827,0.0
186.70581415707852,0.0
187.29495547773877,0.0
187.88409679839924,0.0
188.4732381190595,0.0
189.06237943971996,0.0
189.6515207603802,0.0
190.24066208104045,0.0
190.82980340170093,0.0
191.41894472236118,0.0
192.00808604302142,0.0
192.5972273636819,0.0
193.18636868434214,0.0
193.7755100050024,0.0
194.36465132566286,0.0
194.9537926463231,0.0
195.54293396698358,0.0
196.13207528764383,0.0
196.72121660830408,0.0
197.31035792896455,0.0
197.8994992496248,0.0
198.48864057028504,0.0
199.07778189094552,0.0
199.66692321160576,0.0
200.256064532266,0.0
200.84520585292648,0.0
201.43434717358673,0.0
202.0234884942472,0.0
202.61262981490745,0.0
203.2017711355677,0.0
203.79091245622817,0.0
204.38005377688842,0.0
204.96919509754866,0.0
205.55833641820914,0.0
206.14747773886938,0.0
206.73661905952986,0.0
207.3257603801901,0.0
207.91490170085035,0.0
208.50404302151082,0.0
209.09318434217107,0.0
209.68232566283132,0.0
210.2714669834918,0.0
210.86060830415204,0.0
211.44974962481228,0.0
212.03889094547276,0.0
212.628032266133,0.0
213.21717358679348,0.0
213.80631490745373,0.0
214.39545622811397,0.0
214.98459754877445,0.0
215.5737388694347,0.0
216.16288019009494,0.0
216.7520215107554,0.0
217.34116283141566,0.0
217.93030415207613,0.0
218.51944547273638,0.0
219.10858679339663,0.0
219.6977281140571,0.0
220.28686943471735,0.0
220.8760107553776,0.0
221.46515207603807,0.0
222.0542933966983,0.0
222.64343471735856,0.0
223.23257603801903,0.0
223.82171735867928,0.0
224.41085867933975,0.0
224.999999999,0.0
